produit,prix,categorie
AUCHAN Farine de blé fluide T45 sans grumeaux,N/A,farine
POUCE Farine de blé T55,N/A,farine
FRANCINE Farine de blé tous usages T45,N/A,farine
AUCHAN Farine de blé T45,N/A,farine
AUCHAN BIO Farine de blé T65,N/A,farine
BONNE MAMAN Pâte à tartiner noisettes et cacao sans huile de palme,N/A,farine
BONNE MAMAN Pâte à tartiner noisettes et cacao,N/A,farine
BONNE MAMAN Pâte à tartiner cacahuètes et cacao sans huile de palme,N/A,farine
BONNE MAMAN Confiture 4 fruits rouges fraises cerises groseilles et cassis,N/A,farine
BONNE MAMAN Confiture de myrtilles,N/A,farine
BONNE MAMAN Confiture de mirabelles,N/A,farine
BONNE MAMAN Confiture de figues violettes,N/A,farine
BONNE MAMAN Intense confiture d'abricot moins sucrée,N/A,farine
BONNE MAMAN Intense confiture de fraise moins sucrée,N/A,farine
BONNE MAMAN Intense confiture de framboise moins sucrée,N/A,farine
FRANCINE Farine de blé bio T55 tous usages,N/A,farine
AUCHAN BIO Farine de blé semi-complète T110,N/A,farine
FRANCINE Farine de blé suprême première extraction T45,N/A,farine
TREBLEC Farine de sarrasin blé noir,N/A,farine
N/A,N/A,farine
FRANCINE Farine de blé complète T150,N/A,farine
AUCHAN CULTIVONS LE BON Farine de sarrasin blé noir Français,N/A,farine
FRANCINE Ma farine de blé tous usages T45,N/A,farine
FRANCINE Farine de blé T65 Label Rouge,N/A,farine
FRANCINE Farine de blé fluide l'originale anti-grumeaux T45,N/A,farine
C'EST QUI LE PATRON ?! Farine T65,N/A,farine
FRANCINE Farine de blé T65 tous usages,N/A,farine
AUCHAN BIO Farine de blé multi usage T65,N/A,farine
MOULINS DE VERSAILLES Farine de blé super froment,N/A,farine
MINOTERIE METRAL Farine de blé type 55,N/A,farine
AUCHAN BIO Farine de blé semi-complète T110,N/A,farine
MOULINS DE VERSAILLES Farine de blé t55 gruau royale,N/A,farine
NATURALINE Farine de blé blanche T45 bio,N/A,farine
PAYSANS D'ICI Farine blé variétés anciennes T80 bio,N/A,farine
NATURALINE Farine de blé blanche T55 bio,N/A,farine
AUCHAN Farine fluide T45,N/A,farine
ALPINA SAVOIE Farine de blé T45,N/A,farine
PAYSANS D'ICI Farine de blé semi-complète T80 bio,N/A,farine
LA COMPAGNIE DES FARINES Farine de blé T55,N/A,farine
TRANSITION Farine de blé T65,N/A,farine
Farine tous usages Type 55,N/A,farine
LA COMPAGNIE DES FARINES Coeur de blé farine de blé fluide,N/A,farine
LA COMPAGNIE DES FARINES Farine bio cœur de blé tous usages,N/A,farine
LA COMPAGNIE DES FARINES Cœur de blé Farine pour gâteaux,N/A,farine
LA COMPAGNIE DES FARINES Farine de blé Label Rouge T65,N/A,farine
PAYSANS D'ICI Farine de blé blanche bio T65,N/A,farine
FRANCINE Farine de blé fluide T45 anti-grumeaux,N/A,farine
FRANCINE Farine de blé bio T80,N/A,farine
AUCHAN Farine fluide T45 doypack,N/A,farine
PAYSANS D'ICI Farine de blé intégrale bio T150,N/A,farine
NATURALINE Farine de blé complète T150 bio,N/A,farine
PAYSANS D'ICI Farine bio de blé et grand épeautre,N/A,farine
COEUR DE BLE Farine de blé,N/A,farine
MOULINS DE VERSAILLES Farine de blé bio T65,N/A,farine
LE FARINIER Farine de blé bio T80,N/A,farine
