produit,prix,categorie,magasin,url_magasin
Pâtes penne blé complet CARREFOUR EXTRA,N/A,pates,Contact Longpre Les Corps Saints,https://www.carrefour.fr/magasin/contact-longpre-les-corps-saints
Pâtes coquillettes blé complet CARREFOUR EXTRA,N/A,pates,Contact Longpre Les Corps Saints,https://www.carrefour.fr/magasin/contact-longpre-les-corps-saints
Pâtes Coquilettes au Blé Complet Bio CARREFOUR BIO,N/A,pates,Contact Longpre Les Corps Saints,https://www.carrefour.fr/magasin/contact-longpre-les-corps-saints
Pâtes fusilli blé complet bio CARREFOUR BIO,N/A,pates,Contact Longpre Les Corps Saints,https://www.carrefour.fr/magasin/contact-longpre-les-corps-saints
Pâtes farfalle blé complet ALNATURA,N/A,pates,Contact Longpre Les Corps Saints,https://www.carrefour.fr/magasin/contact-longpre-les-corps-saints
Spaghetti ALPINA,N/A,pates,Contact Longpre Les Corps Saints,https://www.carrefour.fr/magasin/contact-longpre-les-corps-saints
Pâtes Tagliatelle blé noir IGP Bretagne MAISON HERMINE,N/A,pates,Contact Longpre Les Corps Saints,https://www.carrefour.fr/magasin/contact-longpre-les-corps-saints
Pâtes spaghetti CARREFOUR,N/A,pates,Contact Longpre Les Corps Saints,https://www.carrefour.fr/magasin/contact-longpre-les-corps-saints
Pâtes capellini CARREFOUR,N/A,pates,Contact Longpre Les Corps Saints,https://www.carrefour.fr/magasin/contact-longpre-les-corps-saints
Pâtes linguine CARREFOUR,N/A,pates,Contact Longpre Les Corps Saints,https://www.carrefour.fr/magasin/contact-longpre-les-corps-saints
Pâtes tagliatelles CARREFOUR,N/A,pates,Contact Longpre Les Corps Saints,https://www.carrefour.fr/magasin/contact-longpre-les-corps-saints
pâtes alimentaires spaghetti CARREFOUR CLASSIC',N/A,pates,Contact Longpre Les Corps Saints,https://www.carrefour.fr/magasin/contact-longpre-les-corps-saints
Pâtes spaghetti cuisson rapide CARREFOUR CLASSIC',N/A,pates,Contact Longpre Les Corps Saints,https://www.carrefour.fr/magasin/contact-longpre-les-corps-saints
Pâtes spaghetti n°11 moule en bronze CARREFOUR ORIGINAL,N/A,pates,Contact Longpre Les Corps Saints,https://www.carrefour.fr/magasin/contact-longpre-les-corps-saints
Pâtes spaghetti blé complet CARREFOUR EXTRA,N/A,pates,Contact Longpre Les Corps Saints,https://www.carrefour.fr/magasin/contact-longpre-les-corps-saints
Pâtes d'Alsace Nids à l'Ancienne IGP REFLETS DE FRANCE,N/A,pates,Contact Longpre Les Corps Saints,https://www.carrefour.fr/magasin/contact-longpre-les-corps-saints
Pâtes spätzle REFLETS DE FRANCE,N/A,pates,Contact Longpre Les Corps Saints,https://www.carrefour.fr/magasin/contact-longpre-les-corps-saints
Pâtes papillons reflets de france REFLETS DE FRANCE,N/A,pates,Contact Longpre Les Corps Saints,https://www.carrefour.fr/magasin/contact-longpre-les-corps-saints
Pâtes spaghetti bio CARREFOUR BIO,N/A,pates,Contact Longpre Les Corps Saints,https://www.carrefour.fr/magasin/contact-longpre-les-corps-saints
Pâtes spaghetti semi-complets bio CARREFOUR BIO,N/A,pates,Contact Longpre Les Corps Saints,https://www.carrefour.fr/magasin/contact-longpre-les-corps-saints
Pâtes Tagliatelle Bio CARREFOUR BIO,N/A,pates,Contact Longpre Les Corps Saints,https://www.carrefour.fr/magasin/contact-longpre-les-corps-saints
Pâtes spaghetti sans gluten CARREFOUR NO GLUTEN !,N/A,pates,Contact Longpre Les Corps Saints,https://www.carrefour.fr/magasin/contact-longpre-les-corps-saints
Pâtes spaghetti SIMPL,N/A,pates,Contact Longpre Les Corps Saints,https://www.carrefour.fr/magasin/contact-longpre-les-corps-saints
Pâtes spaghetti n°5 BARILLA,N/A,pates,Contact Longpre Les Corps Saints,https://www.carrefour.fr/magasin/contact-longpre-les-corps-saints
Pâtes capellini n°1 BARILLA,N/A,pates,Contact Longpre Les Corps Saints,https://www.carrefour.fr/magasin/contact-longpre-les-corps-saints
Pâtes spaghettoni n°7 BARILLA,N/A,pates,Contact Longpre Les Corps Saints,https://www.carrefour.fr/magasin/contact-longpre-les-corps-saints
Pâtes mafaldine collezione BARILLA,N/A,pates,Contact Longpre Les Corps Saints,https://www.carrefour.fr/magasin/contact-longpre-les-corps-saints
Pâtes capellini n°1 BARILLA,N/A,pates,Contact Longpre Les Corps Saints,https://www.carrefour.fr/magasin/contact-longpre-les-corps-saints
Pâtes spaghettini n°3 BARILLA,N/A,pates,Contact Longpre Les Corps Saints,https://www.carrefour.fr/magasin/contact-longpre-les-corps-saints
Pâtes spaghetti n°5 BARILLA,N/A,pates,Contact Longpre Les Corps Saints,https://www.carrefour.fr/magasin/contact-longpre-les-corps-saints
