produit,marque,code_barre,prix,prix_num,categorie,enseigne,url_produit
Lacoste T shirt Femme Lacoste Farine,,,"38,99€",38.99,farine,Auchan,https://www.auchan.fr/lacoste-t-shirt-femme-lacoste-farine/pr-5ce11195-a5c6-4fb1-8cf0-4f98149c9263
AUCHAN Farine de blé fluide T45 sans grumeaux,,,N/A,,farine,Auchan,https://www.auchan.fr/auchan-farine-de-ble-fluide-t45-sans-grumeaux/pr-C1274232
POUCE Farine de blé T55,T55,,N/A,,farine,Auchan,https://www.auchan.fr/pouce-farine-de-ble-t55/pr-C1274538
FRANCINE Farine de blé tous usages T45,T45,,N/A,,farine,Auchan,https://www.auchan.fr/francine-farine-de-ble-tous-usages-t45/pr-C1274419
AUCHAN Farine de blé T45,T45,,N/A,,farine,Auchan,https://www.auchan.fr/auchan-farine-de-ble-t45/pr-C1274231
AUCHAN BIO Farine de blé T65,T65,,N/A,,farine,Auchan,https://www.auchan.fr/auchan-bio-farine-de-ble-t65/pr-C1273123
BONNE MAMAN Pâte à tartiner noisettes et cacao sans huile de palme,,,N/A,,farine,Auchan,https://www.auchan.fr/bonne-maman-pate-a-tartiner-noisettes-et-cacao-sans-huile-de-palme/pr-C1438273
BONNE MAMAN Confiture de fraises,,,N/A,,farine,Auchan,https://www.auchan.fr/bonne-maman-confiture-de-fraises/pr-C1262439
BONNE MAMAN Pâte à tartiner noisettes et cacao,,,N/A,,farine,Auchan,https://www.auchan.fr/bonne-maman-pate-a-tartiner-noisettes-et-cacao/pr-C1438272
BONNE MAMAN Intense confiture de fraise moins sucrée,,,N/A,,farine,Auchan,https://www.auchan.fr/bonne-maman-intense-confiture-de-fraise-moins-sucree/pr-C1265248
BONNE MAMAN Confiture d'abricots,,,N/A,,farine,Auchan,https://www.auchan.fr/bonne-maman-confiture-d-abricots/pr-C1262440
BONNE MAMAN Intense confiture d'abricot moins sucrée,,,N/A,,farine,Auchan,https://www.auchan.fr/bonne-maman-intense-confiture-d-abricot-moins-sucree/pr-C1265246
BONNE MAMAN Confiture 4 fruits rouges fraises cerises groseilles et cassis,,,N/A,,farine,Auchan,https://www.auchan.fr/bonne-maman-confiture-4-fruits-rouges-fraises-cerises-groseilles-et-cassis/pr-C1274459
BONNE MAMAN Intense confiture de myrtille moins sucrée,,,N/A,,farine,Auchan,https://www.auchan.fr/bonne-maman-intense-confiture-de-myrtille-moins-sucree/pr-C1265516
BONNE MAMAN Intense confiture de framboise moins sucrée,,,N/A,,farine,Auchan,https://www.auchan.fr/bonne-maman-intense-confiture-de-framboise-moins-sucree/pr-C1265517
BONNE MAMAN Confiture de figues violettes,,,N/A,,farine,Auchan,https://www.auchan.fr/bonne-maman-confiture-de-figues-violettes/pr-C1274386
FRANCINE Farine de blé bio T55 tous usages,,,N/A,,farine,Auchan,https://www.auchan.fr/francine-farine-de-ble-bio-t55-tous-usages/pr-C1260409
AUCHAN BIO Farine de blé semi-complète T110,T110,,N/A,,farine,Auchan,https://www.auchan.fr/auchan-bio-farine-de-ble-semi-complete-t110/pr-C1273124
TREBLEC Farine de sarrasin blé noir,,,N/A,,farine,Auchan,https://www.auchan.fr/treblec-farine-de-sarrasin-ble-noir/pr-C1261059
N/A,,,N/A,,farine,Auchan,
FRANCINE Farine de blé suprême première extraction T45,T45,,N/A,,farine,Auchan,https://www.auchan.fr/francine-farine-de-ble-supreme-premiere-extraction-t45/pr-C1274807
FRANCINE Farine de blé complète T150,T150,,N/A,,farine,Auchan,https://www.auchan.fr/francine-farine-de-ble-complete-t150/pr-C1261502
AUCHAN CULTIVONS LE BON Farine de sarrasin blé noir Français,,,N/A,,farine,Auchan,https://www.auchan.fr/auchan-cultivons-le-bon-farine-de-sarrasin-ble-noir-francais/pr-C1260110
FRANCINE Ma farine de blé fluide T45,T45,,N/A,,farine,Auchan,https://www.auchan.fr/francine-ma-farine-de-ble-fluide-t45/pr-C1586425
FRANCINE Ma farine de blé tous usages T45,T45,,N/A,,farine,Auchan,https://www.auchan.fr/francine-ma-farine-de-ble-tous-usages-t45/pr-C1433180
FRANCINE Farine de blé fluide l'originale anti-grumeaux T45,T45,,N/A,,farine,Auchan,https://www.auchan.fr/francine-farine-de-ble-fluide-l-originale-anti-grumeaux-t45/pr-C1274431
FRANCINE Farine de blé T65 Label Rouge,,,N/A,,farine,Auchan,https://www.auchan.fr/francine-farine-de-ble-t65-label-rouge/pr-C1499907
C'EST QUI LE PATRON ?! Farine T65,T65,,N/A,,farine,Auchan,https://www.auchan.fr/c-est-qui-le-patron-farine-t65/pr-C1307866
AUCHAN BIO Farine de blé multi usage T65,T65,,N/A,,farine,Auchan,https://www.auchan.fr/auchan-bio-farine-de-ble-multi-usage-t65/pr-C1259470
FRANCINE Farine de blé T65 tous usages,,,N/A,,farine,Auchan,https://www.auchan.fr/francine-farine-de-ble-t65-tous-usages/pr-C1499909
MOULINS DE VERSAILLES Farine de blé super froment,,,N/A,,farine,Auchan,https://www.auchan.fr/moulins-de-versailles-farine-de-ble-super-froment/pr-C1270984
NATURALINE Farine de blé blanche T55 bio,,,N/A,,farine,Auchan,https://www.auchan.fr/naturaline-farine-de-ble-blanche-t55-bio/pr-C1262399
MINOTERIE METRAL Farine de blé type 55,,,N/A,,farine,Auchan,https://www.auchan.fr/minoterie-metral-farine-de-ble-type-55/pr-C1617331
MOULINS DE VERSAILLES Farine de blé t55 gruau royale,,,N/A,,farine,Auchan,https://www.auchan.fr/moulins-de-versailles-farine-de-ble-t55-gruau-royale/pr-C1839429
AUCHAN BIO Farine de blé semi-complète T110,T110,,N/A,,farine,Auchan,https://www.auchan.fr/auchan-bio-farine-de-ble-semi-complete-t110/pr-C1259469
ALPINA SAVOIE Farine de blé T45,T45,,N/A,,farine,Auchan,https://www.auchan.fr/alpina-savoie-farine-de-ble-t45/pr-C1617335
LA COMPAGNIE DES FARINES Farine de blé T55,T55,,N/A,,farine,Auchan,https://www.auchan.fr/la-compagnie-des-farines-farine-de-ble-t55/pr-C1270854
NATURALINE Farine de blé blanche T45 bio,,,N/A,,farine,Auchan,https://www.auchan.fr/naturaline-farine-de-ble-blanche-t45-bio/pr-C209585
PAYSANS D'ICI Farine de blé semi-complète T80 bio,,,N/A,,farine,Auchan,https://www.auchan.fr/paysans-d-ici-farine-de-ble-semi-complete-t80-bio/pr-C1271399
COEUR DE BLE Farine de blé,,,N/A,,farine,Auchan,https://www.auchan.fr/coeur-de-ble-farine-de-ble/pr-C1704796
LA COMPAGNIE DES FARINES Coeur de blé farine de blé fluide,,,N/A,,farine,Auchan,https://www.auchan.fr/la-compagnie-des-farines-coeur-de-ble-farine-de-ble-fluide/pr-C1599594
CHRISTOPHE CHAUSSÉ Farine de blé T55,T55,,N/A,,farine,Auchan,https://www.auchan.fr/christophe-chausse-farine-de-ble-t55/pr-C1547874
NATURALINE Farine de blé complète T150 bio,,,N/A,,farine,Auchan,https://www.auchan.fr/naturaline-farine-de-ble-complete-t150-bio/pr-C1262407
LA COMPAGNIE DES FARINES Farine de blé Label Rouge T65,T65,,N/A,,farine,Auchan,https://www.auchan.fr/la-compagnie-des-farines-farine-de-ble-label-rouge-t65/pr-C1270855
LA COMPAGNIE DES FARINES Farine bio cœur de blé tous usages,,,N/A,,farine,Auchan,https://www.auchan.fr/la-compagnie-des-farines-farine-bio-coeur-de-ble-tous-usages/pr-C1599592
CHRISTOPHE CHAUSSÉ Farine de blé T45,T45,,N/A,,farine,Auchan,https://www.auchan.fr/christophe-chausse-farine-de-ble-t45/pr-C1547793
Farine saveur T65,T65,,N/A,,farine,Auchan,https://www.auchan.fr/farine-saveur-t65/pr-C1307519
LA COMPAGNIE DES FARINES Cœur de blé Farine pour gâteaux,,,N/A,,farine,Auchan,https://www.auchan.fr/la-compagnie-des-farines-coeur-de-ble-farine-pour-gateaux/pr-C1599685
CHRISTOPHE CHAUSSÉ Farine de blé T45,T45,,N/A,,farine,Auchan,https://www.auchan.fr/christophe-chausse-farine-de-ble-t45/pr-C1547879
PAYSANS D'ICI Farine de blé blanche bio T65,T65,,N/A,,farine,Auchan,https://www.auchan.fr/paysans-d-ici-farine-de-ble-blanche-bio-t65/pr-C1307024
PAYSANS D'ICI Farine bio de blé et grand épeautre,,,N/A,,farine,Auchan,https://www.auchan.fr/paysans-d-ici-farine-bio-de-ble-et-grand-epeautre/pr-C1271390
AUCHAN Farine fluide T45,T45,,N/A,,farine,Auchan,https://www.auchan.fr/auchan-farine-fluide-t45/pr-C1773755
TRANSITION Farine de blé T65,T65,,N/A,,farine,Auchan,https://www.auchan.fr/transition-farine-de-ble-t65/pr-C1733656
FRANCINE Farine de blé fluide T45 anti-grumeaux,,,N/A,,farine,Auchan,https://www.auchan.fr/francine-farine-de-ble-fluide-t45-anti-grumeaux/pr-C1433179
PAYSANS D'ICI Farine blé variétés anciennes T80 bio,,,N/A,,farine,Auchan,https://www.auchan.fr/paysans-d-ici-farine-ble-varietes-anciennes-t80-bio/pr-C1271400
FRANCINE Farine de blé bio T80,T80,,N/A,,farine,Auchan,https://www.auchan.fr/francine-farine-de-ble-bio-t80/pr-C1433182
AUCHAN Farine fluide T45 doypack,,,N/A,,farine,Auchan,https://www.auchan.fr/auchan-farine-fluide-t45-doypack/pr-C1265234
PAYSANS D'ICI Farine de blé intégrale bio T150,T150,,N/A,,farine,Auchan,https://www.auchan.fr/paysans-d-ici-farine-de-ble-integrale-bio-t150/pr-C1499374
MOULINS DE VERSAILLES Farine de blé bio T65,T65,,N/A,,farine,Auchan,https://www.auchan.fr/moulins-de-versailles-farine-de-ble-bio-t65/pr-C1271085
LE FARINIER Farine de blé bio T80,T80,,N/A,,farine,Auchan,https://www.auchan.fr/le-farinier-farine-de-ble-bio-t80/pr-C1760497
AUCHAN BIO CULTIVONS LE BON Farine d'épeautre,,,N/A,,farine,Auchan,https://www.auchan.fr/auchan-bio-cultivons-le-bon-farine-d-epeautre/pr-C1273122
"FRANCINE Mon pain, farine multi-céréales",,,N/A,,farine,Auchan,https://www.auchan.fr/francine-mon-pain-farine-multi-cereales/pr-C1259234
FRANCINE Farine à pizza,,,N/A,,farine,Auchan,https://www.auchan.fr/francine-farine-a-pizza/pr-C1264511
AUCHAN Farine de riz sans gluten,,,N/A,,farine,Auchan,https://www.auchan.fr/auchan-farine-de-riz-sans-gluten/pr-C1266149
AUCHAN BIO Farine de riz blanc,,,N/A,,farine,Auchan,https://www.auchan.fr/auchan-bio-farine-de-riz-blanc/pr-C1272714
FRANCINE Farine de blé pour gâteaux,,,N/A,,farine,Auchan,https://www.auchan.fr/francine-farine-de-ble-pour-gateaux/pr-C1274546
FRANCINE Farine pour brioche maison,,,N/A,,farine,Auchan,https://www.auchan.fr/francine-farine-pour-brioche-maison/pr-C1259396
AUCHAN BIO Farine aux 5 céréales,,,N/A,,farine,Auchan,https://www.auchan.fr/auchan-bio-farine-aux-5-cereales/pr-C1272715
AUCHAN Farine de maïs sans gluten,,,N/A,,farine,Auchan,https://www.auchan.fr/auchan-farine-de-mais-sans-gluten/pr-C1266150
AUCHAN Farine préparation pour pain blanc T65,T65,,N/A,,farine,Auchan,https://www.auchan.fr/auchan-farine-preparation-pour-pain-blanc-t65/pr-C1345045
AUCHAN Farine boulangère sans levure pour pain brioché,,,N/A,,farine,Auchan,https://www.auchan.fr/auchan-farine-boulangere-sans-levure-pour-pain-brioche/pr-C1260032
NATURALINE Farine de châtaigne bio,,,N/A,,farine,Auchan,https://www.auchan.fr/naturaline-farine-de-chataigne-bio/pr-C1262392
NATURALINE Farine de maïs bio,,,N/A,,farine,Auchan,https://www.auchan.fr/naturaline-farine-de-mais-bio/pr-C1262397
AUCHAN BIO CULTIVONS LE BON Farine d'épeautre T65,T65,,N/A,,farine,Auchan,https://www.auchan.fr/auchan-bio-cultivons-le-bon-farine-d-epeautre-t65/pr-C1260619
NATURALINE Farine de petit épeautre blanche T70 bio,,,N/A,,farine,Auchan,https://www.auchan.fr/naturaline-farine-de-petit-epeautre-blanche-t70-bio/pr-C1262398
NATURALINE Farine de riz blanc bio,,,N/A,,farine,Auchan,https://www.auchan.fr/naturaline-farine-de-riz-blanc-bio/pr-C1264921
MON FOURNIL Mélange de farines bio sans gluten,,,N/A,,farine,Auchan,https://www.auchan.fr/mon-fournil-melange-de-farines-bio-sans-gluten/pr-C1272511
FRANCINE Ma farine d'épeautre multi-usages T80,T80,,N/A,,farine,Auchan,https://www.auchan.fr/francine-ma-farine-d-epeautre-multi-usages-t80/pr-C1267989
TREVI Farine de manioc,,,N/A,,farine,Auchan,https://www.auchan.fr/trevi-farine-de-manioc/pr-C1229504
SCHAR Farine sans gluten,,,N/A,,farine,Auchan,https://www.auchan.fr/schar-farine-sans-gluten/pr-C1407185
MON FOURNIL Farine d'avoine sans gluten bio,,,N/A,,farine,Auchan,https://www.auchan.fr/mon-fournil-farine-d-avoine-sans-gluten-bio/pr-C1321608
HAPPY BIO Farine d'avoine complète,,,N/A,,farine,Auchan,https://www.auchan.fr/happy-bio-farine-d-avoine-complete/pr-C1472367
BIO PAR NATURE Farine de riz blanc bio,,,N/A,,farine,Auchan,https://www.auchan.fr/bio-par-nature-farine-de-riz-blanc-bio/pr-C1730516
LEGUMOR Farine d'orge,,,N/A,,farine,Auchan,https://www.auchan.fr/legumor-farine-d-orge/pr-C1227775
NATURALINE Farine de sarrasin complète bio,,,N/A,,farine,Auchan,https://www.auchan.fr/naturaline-farine-de-sarrasin-complete-bio/pr-C1271649
NATURALINE Farine de seigle clair bio T110,T110,,N/A,,farine,Auchan,https://www.auchan.fr/naturaline-farine-de-seigle-clair-bio-t110/pr-C1262396
FRANCINE Farine pour pain,,,N/A,,farine,Auchan,https://www.auchan.fr/francine-farine-pour-pain/pr-C1261237
NATURALINE Farine d'épeautre campagne type 80 bio,,,N/A,,farine,Auchan,https://www.auchan.fr/naturaline-farine-d-epeautre-campagne-type-80-bio/pr-C1262402
NATURALINE Farine d'épeautre complète bio T150,T150,,N/A,,farine,Auchan,https://www.auchan.fr/naturaline-farine-d-epeautre-complete-bio-t150/pr-C1262395
MON FOURNIL Farine complète de sarrasin sans gluten bio,,,N/A,,farine,Auchan,https://www.auchan.fr/mon-fournil-farine-complete-de-sarrasin-sans-gluten-bio/pr-C1502903
NATURALINE Farine de petit épeautre demi-complète type 110 bio,,,N/A,,farine,Auchan,https://www.auchan.fr/naturaline-farine-de-petit-epeautre-demi-complete-type-110-bio/pr-C1264919
VALLE D'ALESANI Farine de châtaigne sans gluten,,,N/A,,farine,Auchan,https://www.auchan.fr/valle-d-alesani-farine-de-chataigne-sans-gluten/pr-C1823701
MON FOURNIL Farine complète de riz bio sans gluten,,,N/A,,farine,Auchan,https://www.auchan.fr/mon-fournil-farine-complete-de-riz-bio-sans-gluten/pr-C1263801
BJORG Mix 3 farines bio sans gluten,,,N/A,,farine,Auchan,https://www.auchan.fr/bjorg-mix-3-farines-bio-sans-gluten/pr-C1265751
MON FOURNIL Farine de coco bio sans gluten,,,N/A,,farine,Auchan,https://www.auchan.fr/mon-fournil-farine-de-coco-bio-sans-gluten/pr-C1271164
MON FOURNIL Farine de pois chiche bio sans gluten,,,N/A,,farine,Auchan,https://www.auchan.fr/mon-fournil-farine-de-pois-chiche-bio-sans-gluten/pr-C1264828
LEGUMOR Farine de pois chiches,,,N/A,,farine,Auchan,https://www.auchan.fr/legumor-farine-de-pois-chiches/pr-C1225111
MON FOURNIL Farine de châtaigne bio sans gluten,,,N/A,,farine,Auchan,https://www.auchan.fr/mon-fournil-farine-de-chataigne-bio-sans-gluten/pr-C1263573
HAPPY BIO Farine de pois chiches,,,N/A,,farine,Auchan,https://www.auchan.fr/happy-bio-farine-de-pois-chiches/pr-C1268701
MON FOURNIL Farine à pizza w360,,,N/A,,farine,Auchan,https://www.auchan.fr/mon-fournil-farine-a-pizza-w360/pr-C1499911
NATURALINE Farine de teff complète bio,,,N/A,,farine,Auchan,https://www.auchan.fr/naturaline-farine-de-teff-complete-bio/pr-C1538722
PAYSANS D'ICI Farine complète seigle bio T130,T130,,N/A,,farine,Auchan,https://www.auchan.fr/paysans-d-ici-farine-complete-seigle-bio-t130/pr-C1307022
SUNTAT Farine de maïs,,,N/A,,farine,Auchan,https://www.auchan.fr/suntat-farine-de-mais/pr-C1224933
NATURALINE Farine de riz complète bio,,,N/A,,farine,Auchan,https://www.auchan.fr/naturaline-farine-de-riz-complete-bio/pr-C1262393
VINCENSINI Farine de châtaigne bio AOC,AOC,,N/A,,farine,Auchan,https://www.auchan.fr/vincensini-farine-de-chataigne-bio-aoc/pr-C1823710
VINCENSINI Farine de châtaigne bio AOC,AOC,,N/A,,farine,Auchan,https://www.auchan.fr/vincensini-farine-de-chataigne-bio-aoc/pr-C1823694
TIPIAK Mélange fécules et farines sans gluten,,,N/A,,farine,Auchan,https://www.auchan.fr/tipiak-melange-fecules-et-farines-sans-gluten/pr-C1268690
TIPIAK Semoule de riz fine,,,N/A,,farine,Auchan,https://www.auchan.fr/tipiak-semoule-de-riz-fine/pr-C1792383
AUCHAN Préparation pour pain sans gluten,,,N/A,,farine,Auchan,https://www.auchan.fr/auchan-preparation-pour-pain-sans-gluten/pr-C1261634
SCHAR Mix pâtisserie sans gluten,,,N/A,,farine,Auchan,https://www.auchan.fr/schar-mix-patisserie-sans-gluten/pr-C1260022
MOULINS DE VERSAILLES Préparation pour pain maison aux 6 céréales et 4 graines,,,N/A,,farine,Auchan,https://www.auchan.fr/moulins-de-versailles-preparation-pour-pain-maison-aux-6-cereales-et-4-graines/pr-C1270985
SCHAR Préparation pour pain sans gluten,,,N/A,,farine,Auchan,https://www.auchan.fr/schar-preparation-pour-pain-sans-gluten/pr-C1260023
AUCHAN Préparation pour pain de campagne,,,N/A,,farine,Auchan,https://www.auchan.fr/auchan-preparation-pour-pain-de-campagne/pr-C1345047
MOULINS DE VERSAILLES Préparation pour pain de campagne,,,N/A,,farine,Auchan,https://www.auchan.fr/moulins-de-versailles-preparation-pour-pain-de-campagne/pr-C1842501
MON FOURNIL Préparation pour brioche avec levure boulangère,,,N/A,,farine,Auchan,https://www.auchan.fr/mon-fournil-preparation-pour-brioche-avec-levure-boulangere/pr-C1259467
MON FOURNIL Préparation bio pour pain express aux graines sans gluten,,,N/A,,farine,Auchan,https://www.auchan.fr/mon-fournil-preparation-bio-pour-pain-express-aux-graines-sans-gluten/pr-C1702399
MON FOURNIL Préparation pour pain d'épeautre avec levure boulangère,,,N/A,,farine,Auchan,https://www.auchan.fr/mon-fournil-preparation-pour-pain-d-epeautre-avec-levure-boulangere/pr-C1259712
MON FOURNIL Préparation pour pain blanc,,,N/A,,farine,Auchan,https://www.auchan.fr/mon-fournil-preparation-pour-pain-blanc/pr-C1259465
Levure chimique dose pour 500g de farine,,,N/A,,farine,Auchan,https://www.auchan.fr/levure-chimique-dose-pour-500g-de-farine/pr-C1186553
LES FEES MAISON Préparation bio de pancakes ou gaufres à la farine d'avoine sans lactose,,,N/A,,farine,Auchan,https://www.auchan.fr/les-fees-maison-preparation-bio-de-pancakes-ou-gaufres-a-la-farine-d-avoine-sans-lactose/pr-C1513916
FRANCINE Préparation pour crêpes au sarrasin à la farine de blé noir,,,N/A,,farine,Auchan,https://www.auchan.fr/francine-preparation-pour-crepes-au-sarrasin-a-la-farine-de-ble-noir/pr-C1273919
SOCCA Chips à la farine de pois chiche saveur poivre,,,N/A,,farine,Auchan,https://www.auchan.fr/socca-chips-a-la-farine-de-pois-chiche-saveur-poivre/pr-C1728796
NATURALINE Minis sablés bio saveur barbecue à la farine d'épeautre,,,N/A,,farine,Auchan,https://www.auchan.fr/naturaline-minis-sables-bio-saveur-barbecue-a-la-farine-d-epeautre/pr-C1820366
NATURALINE Mini sablés bio saveur italienne à la farine d'épeautre,,,N/A,,farine,Auchan,https://www.auchan.fr/naturaline-mini-sables-bio-saveur-italienne-a-la-farine-d-epeautre/pr-C1820501
AUCHAN BIO Snacks à base de farine de pois chiches,,,N/A,,farine,Auchan,https://www.auchan.fr/auchan-bio-snacks-a-base-de-farine-de-pois-chiches/pr-C1237661
AUCHAN BIO Snacks à base de farine de lentilles,,,N/A,,farine,Auchan,https://www.auchan.fr/auchan-bio-snacks-a-base-de-farine-de-lentilles/pr-C1237657
TIPIAK Tapioca petits grains et velouté recette traditionnelle,,,N/A,,farine,Auchan,https://www.auchan.fr/tipiak-tapioca-petits-grains-et-veloute-recette-traditionnelle/pr-C1543299
BLOCH Tapioca julienne cuisine et potages,,,N/A,,farine,Auchan,https://www.auchan.fr/bloch-tapioca-julienne-cuisine-et-potages/pr-C1270401
VINH THUAN Farine de riz gluant,,,N/A,,farine,Auchan,https://www.auchan.fr/vinh-thuan-farine-de-riz-gluant/pr-C1731949
MAIZENA Fleur de maïs sans gluten,,,N/A,,farine,Auchan,https://www.auchan.fr/maizena-fleur-de-mais-sans-gluten/pr-C1270488
TIPIAK Fine chapelure de pain,,,N/A,,farine,Auchan,https://www.auchan.fr/tipiak-fine-chapelure-de-pain/pr-C1270282
AUCHAN Fécule de maïs,,,N/A,,farine,Auchan,https://www.auchan.fr/auchan-fecule-de-mais/pr-C1270419
MAIZENA Fleur de maïs sans gluten,,,N/A,,farine,Auchan,https://www.auchan.fr/maizena-fleur-de-mais-sans-gluten/pr-C1270486
TIPIAK Fécule de pomme de terre,,,N/A,,farine,Auchan,https://www.auchan.fr/tipiak-fecule-de-pomme-de-terre/pr-C1270288
FLORALINE Fécule de blé et tapioca,,,N/A,,farine,Auchan,https://www.auchan.fr/floraline-fecule-de-ble-et-tapioca/pr-C1270420
MON FOURNIL Fécule de maïs bio sans gluten,,,N/A,,farine,Auchan,https://www.auchan.fr/mon-fournil-fecule-de-mais-bio-sans-gluten/pr-C1263828
BLOCH Fécule de pomme de terre pour sauces et pâtisseries,,,N/A,,farine,Auchan,https://www.auchan.fr/bloch-fecule-de-pomme-de-terre-pour-sauces-et-patisseries/pr-C1270422
