produit,categorie,magasin,url_magasin,prix_txt,prix_num,url_produit,source,scraped_at
L'Atelier Blini Blinis Frais Au Blé Tendre 135g,alimentaire_pain,Monoprix Courses (online),https://courses.monoprix.fr,"1,99 €",1.99,https://courses.monoprix.fr/products/l-atelier-blini-blinis-frais-au-blé-tendre-135g/MPX_2133913,monoprix_scrape,2026-01-28T10:49:22
Harrys Pain de mie 100% mie nature sans croute sans additifs 500g,alimentaire_pain,Monoprix Courses (online),https://courses.monoprix.fr,"2,19 €",2.19,https://courses.monoprix.fr/products/harrys-pain-de-mie-100-mie-nature-sans-croute-sans-additifs-500g/MPX_3292151,monoprix_scrape,2026-01-28T10:49:22
Harrys Pain de mie 100% mie complet sans croute sans additifs 500g,alimentaire_pain,Monoprix Courses (online),https://courses.monoprix.fr,"2,55 €",2.55,https://courses.monoprix.fr/products/harrys-pain-de-mie-100-mie-complet-sans-croute-sans-additifs-500g/MPX_2650793,monoprix_scrape,2026-01-28T10:49:22
Wasa Biscottes croustillantes léger 270g,alimentaire_pain,Monoprix Courses (online),https://courses.monoprix.fr,"1,99 €",1.99,https://courses.monoprix.fr/products/wasa-biscottes-croustillantes-léger-270g/MPX_1253202,monoprix_scrape,2026-01-28T10:49:22
Wasa Biscottes croustillantes fibres 230g,alimentaire_pain,Monoprix Courses (online),https://courses.monoprix.fr,"1,89 €",1.89,https://courses.monoprix.fr/products/wasa-biscottes-croustillantes-fibres-230g/MPX_1253204,monoprix_scrape,2026-01-28T10:49:22
Harrys Brioche Tressée Nature au Sucre 500g,alimentaire_pain,Monoprix Courses (online),https://courses.monoprix.fr,"3,49 €",3.49,https://courses.monoprix.fr/products/harrys-brioche-tressée-nature-au-sucre-500g/MPX_3623068,monoprix_scrape,2026-01-28T10:49:22
Wasa Biscottes croustillantes authentique 275g,alimentaire_pain,Monoprix Courses (online),https://courses.monoprix.fr,"2,45 €",2.45,https://courses.monoprix.fr/products/wasa-biscottes-croustillantes-authentique-275g/MPX_1253209,monoprix_scrape,2026-01-28T10:49:22
L'Atelier Blini 16 Blinis Cocktail Bio 135g,alimentaire_pain,Monoprix Courses (online),https://courses.monoprix.fr,"3,29 €",3.29,https://courses.monoprix.fr/products/l-atelier-blini-16-blinis-cocktail-bio-135g/MPX_3179652,monoprix_scrape,2026-01-28T10:49:22
"L'Atelier Blini, Blinis Bio x8 160g",alimentaire_pain,Monoprix Courses (online),https://courses.monoprix.fr,"3,19 €",3.19,https://courses.monoprix.fr/products/l-atelier-blini-blinis-bio-x8-160g/MPX_3612206,monoprix_scrape,2026-01-28T10:49:22
Harrys Brioche Mini Tressée au sucre perlé x6 - 210g,alimentaire_pain,Monoprix Courses (online),https://courses.monoprix.fr,"2,29 €",2.29,https://courses.monoprix.fr/products/harrys-brioche-mini-tressée-au-sucre-perlé-x6-210g/MPX_3046970,monoprix_scrape,2026-01-28T10:49:22
Wasa Biscottes croustillantes complet 260g,alimentaire_pain,Monoprix Courses (online),https://courses.monoprix.fr,"2,99 €",2.99,https://courses.monoprix.fr/products/wasa-biscottes-croustillantes-complet-260g/MPX_5394944,monoprix_scrape,2026-01-28T10:49:22
Harrys Brioche Tressée Tranchée 450g,alimentaire_pain,Monoprix Courses (online),https://courses.monoprix.fr,"3,49 €",3.49,https://courses.monoprix.fr/products/harrys-brioche-tressée-tranchée-450g/MPX_3623069,monoprix_scrape,2026-01-28T10:49:22
Harrys Brioche tressée moins de sucres sans additifs 450g,alimentaire_pain,Monoprix Courses (online),https://courses.monoprix.fr,"4,19 €",4.19,https://courses.monoprix.fr/products/harrys-brioche-tressée-moins-de-sucres-sans-additifs-450g/MPX_6720956,monoprix_scrape,2026-01-28T10:49:22
Monoprix Gourmet Demi-Baguettes Précuites 2x125g,alimentaire_pain,Monoprix Courses (online),https://courses.monoprix.fr,"1,75 €",1.75,https://courses.monoprix.fr/products/monoprix-gourmet-demi-baguettes-précuites-2x125g/MPX_2216598,monoprix_scrape,2026-01-28T10:49:22
Brioche Pasquier - Pains au lait - x10 350g,alimentaire_pain,Monoprix Courses (online),https://courses.monoprix.fr,"1,95 €",1.95,https://courses.monoprix.fr/products/brioche-pasquier-pains-au-lait-x10-350g/MPX_63873,monoprix_scrape,2026-01-28T10:49:22
Monoprix Gourmet Pain multicéréales 500g,alimentaire_pain,Monoprix Courses (online),https://courses.monoprix.fr,"2,99 €",2.99,https://courses.monoprix.fr/products/monoprix-gourmet-pain-multicéréales-500g/MPX_2865056,monoprix_scrape,2026-01-28T10:49:22
Monoprix Gourmet Pain au seigle 500g,alimentaire_pain,Monoprix Courses (online),https://courses.monoprix.fr,"2,99 €",2.99,https://courses.monoprix.fr/products/monoprix-gourmet-pain-au-seigle-500g/MPX_2494787,monoprix_scrape,2026-01-28T10:49:22
Harrys American sandwich complet sans sucres ajoutés 600g,alimentaire_pain,Monoprix Courses (online),https://courses.monoprix.fr,"2,09 €",2.09,https://courses.monoprix.fr/products/harrys-american-sandwich-complet-sans-sucres-ajoutés-600g/MPX_6719591,monoprix_scrape,2026-01-28T10:49:22
La Boulangère Pains au lait Bio x8 280g,alimentaire_pain,Monoprix Courses (online),https://courses.monoprix.fr,"2,59 €",2.59,https://courses.monoprix.fr/products/la-boulangère-pains-au-lait-bio-x8-280g/MPX_1906756,monoprix_scrape,2026-01-28T10:49:22
Harrys American sandwich nature sans sucres ajoutés 550g,alimentaire_pain,Monoprix Courses (online),https://courses.monoprix.fr,"1,99 €",1.99,https://courses.monoprix.fr/products/harrys-american-sandwich-nature-sans-sucres-ajoutés-550g/MPX_6719589,monoprix_scrape,2026-01-28T10:49:22
Harrys Pain de mie extra moelleux nature sans sucres ajoutes sans additifs 280g,alimentaire_pain,Monoprix Courses (online),https://courses.monoprix.fr,"1,09 €",1.09,https://courses.monoprix.fr/products/harrys-pain-de-mie-extra-moelleux-nature-sans-sucres-ajoutes-sans-additifs-280g/MPX_3292340,monoprix_scrape,2026-01-28T10:49:22
Monoprix Bio Crêpes moelleuses 210g,alimentaire_pain,Monoprix Courses (online),https://courses.monoprix.fr,"2,99 €",2.99,https://courses.monoprix.fr/products/monoprix-bio-crêpes-moelleuses-210g/MPX_4219884,monoprix_scrape,2026-01-28T10:49:22
Monoprix Mini blinis 135g,alimentaire_pain,Monoprix Courses (online),https://courses.monoprix.fr,"1,09 €",1.09,https://courses.monoprix.fr/products/monoprix-mini-blinis-135g/MPX_1684340,monoprix_scrape,2026-01-28T10:49:22
La Boulangère Brioche tranchée Bio 400g,alimentaire_pain,Monoprix Courses (online),https://courses.monoprix.fr,"3,09 €",3.09,https://courses.monoprix.fr/products/la-boulangère-brioche-tranchée-bio-400g/MPX_2998980,monoprix_scrape,2026-01-28T10:49:22
Monoprix Blinis 200g,alimentaire_pain,Monoprix Courses (online),https://courses.monoprix.fr,"1,35 €",1.35,https://courses.monoprix.fr/products/monoprix-blinis-200g/MPX_1684339,monoprix_scrape,2026-01-28T10:49:22
La Boulangère Pain de mie complet Bio 500g,alimentaire_pain,Monoprix Courses (online),https://courses.monoprix.fr,"2,75 €",2.75,https://courses.monoprix.fr/products/la-boulangère-pain-de-mie-complet-bio-500g/MPX_1467545,monoprix_scrape,2026-01-28T10:49:22
Old El Paso Wraps De Blé Nature Extra Moelleux 350g,alimentaire_pain,Monoprix Courses (online),https://courses.monoprix.fr,"3,19 €",3.19,https://courses.monoprix.fr/products/old-el-paso-wraps-de-blé-nature-extra-moelleux-350g/MPX_1490432,monoprix_scrape,2026-01-28T10:49:22
Monoprix 10 Pains au lait aux œufs frais 350g,alimentaire_pain,Monoprix Courses (online),https://courses.monoprix.fr,"1,29 €",1.29,https://courses.monoprix.fr/products/monoprix-10-pains-au-lait-aux-œufs-frais-350g/MPX_877094,monoprix_scrape,2026-01-28T10:49:22
Regent's Park Bagels sésame 250g,alimentaire_pain,Monoprix Courses (online),https://courses.monoprix.fr,"4,65 €",4.65,https://courses.monoprix.fr/products/regent-s-park-bagels-sésame-250g/MPX_3500098,monoprix_scrape,2026-01-28T10:49:22
Harrys Pain de mie extra moelleux complet sans sucres ajoutés sans additifs 280g,alimentaire_pain,Monoprix Courses (online),https://courses.monoprix.fr,"1,89 €",1.89,https://courses.monoprix.fr/products/harrys-pain-de-mie-extra-moelleux-complet-sans-sucres-ajoutés-sans-additifs-280g/MPX_4110128,monoprix_scrape,2026-01-28T10:49:22
Harrys Pain de mie extra moelleux nature sans sucres ajoutes sans additifs 500g,alimentaire_pain,Monoprix Courses (online),https://courses.monoprix.fr,"1,65 €",1.65,https://courses.monoprix.fr/products/harrys-pain-de-mie-extra-moelleux-nature-sans-sucres-ajoutes-sans-additifs-500g/MPX_3292341,monoprix_scrape,2026-01-28T10:49:22
Harrys Pain de mie 100% mie nature sans croute grandes tranches sans additifs 500g,alimentaire_pain,Monoprix Courses (online),https://courses.monoprix.fr,"2,19 €",2.19,https://courses.monoprix.fr/products/harrys-pain-de-mie-100-mie-nature-sans-croute-grandes-tranches-sans-additifs-500g/MPX_3292344,monoprix_scrape,2026-01-28T10:49:22
Monoprix Muffins Complets Recette Anglaise 250g,alimentaire_pain,Monoprix Courses (online),https://courses.monoprix.fr,"2,49 €",2.49,https://courses.monoprix.fr/products/monoprix-muffins-complets-recette-anglaise-250g/MPX_799423,monoprix_scrape,2026-01-28T10:49:22
Monoprix Pain de mie nature 550g,alimentaire_pain,Monoprix Courses (online),https://courses.monoprix.fr,"1,09 €",1.09,https://courses.monoprix.fr/products/monoprix-pain-de-mie-nature-550g/MPX_659173,monoprix_scrape,2026-01-28T10:49:22
Lu Heudebert Biscottes 96% de céréales 300g,alimentaire_pain,Monoprix Courses (online),https://courses.monoprix.fr,"1,65 €",1.65,https://courses.monoprix.fr/products/lu-heudebert-biscottes-96-de-céréales-300g/MPX_2456601,monoprix_scrape,2026-01-28T10:49:22
Lu Cracotte Biscottes au Froment 250g,alimentaire_pain,Monoprix Courses (online),https://courses.monoprix.fr,"1,89 €",1.89,https://courses.monoprix.fr/products/lu-cracotte-biscottes-au-froment-250g/MPX_754,monoprix_scrape,2026-01-28T10:49:22
La Fournée Dorée Gâche tranchée au beurre et crème 500g,alimentaire_pain,Monoprix Courses (online),https://courses.monoprix.fr,"3,29 €",3.29,https://courses.monoprix.fr/products/la-fournée-dorée-gâche-tranchée-au-beurre-et-crème-500g/MPX_2924394,monoprix_scrape,2026-01-28T10:49:22
Harrys Beau & Bon Pain de mie farine de blé céréales & graines sans additifs 320g,alimentaire_pain,Monoprix Courses (online),https://courses.monoprix.fr,"2,39 €",2.39,https://courses.monoprix.fr/products/harrys-beau-bon-pain-de-mie-farine-de-blé-céréales-graines-sans-additifs-320g/MPX_3549675,monoprix_scrape,2026-01-28T10:49:22
Monoprix Bio Galettes De Riz Chocolat Noir 100g,alimentaire_pain,Monoprix Courses (online),https://courses.monoprix.fr,"2,25 €",2.25,https://courses.monoprix.fr/products/monoprix-bio-galettes-de-riz-chocolat-noir-100g/MPX_2638809,monoprix_scrape,2026-01-28T10:49:22
Monoprix 8 Pains Au Chocolat 360g,alimentaire_pain,Monoprix Courses (online),https://courses.monoprix.fr,"1,99 €",1.99,https://courses.monoprix.fr/products/monoprix-8-pains-au-chocolat-360g/MPX_1772497,monoprix_scrape,2026-01-28T10:49:22
Monoprix 4 Muffins Blancs Recette Anglaise 250g,alimentaire_pain,Monoprix Courses (online),https://courses.monoprix.fr,"2,29 €",2.29,https://courses.monoprix.fr/products/monoprix-4-muffins-blancs-recette-anglaise-250g/MPX_799422,monoprix_scrape,2026-01-28T10:49:22
Bjorg Galettes Maïs Bio Sans Gluten 130g,alimentaire_pain,Monoprix Courses (online),https://courses.monoprix.fr,"1,79 €",1.79,https://courses.monoprix.fr/products/bjorg-galettes-maïs-bio-sans-gluten-130g/MPX_3172742,monoprix_scrape,2026-01-28T10:49:22
Monoprix Gourmet Pain blé complet & avoine 500g,alimentaire_pain,Monoprix Courses (online),https://courses.monoprix.fr,"2,99 €",2.99,https://courses.monoprix.fr/products/monoprix-gourmet-pain-blé-complet-avoine-500g/MPX_6602370,monoprix_scrape,2026-01-28T10:49:22
Jacquet Burger Géant Nature x4 330g,alimentaire_pain,Monoprix Courses (online),https://courses.monoprix.fr,"1,59 €",1.59,https://courses.monoprix.fr/products/jacquet-burger-géant-nature-x4-330g/MPX_6785499,monoprix_scrape,2026-01-28T10:49:22
Harrys Toast Nature 250g,alimentaire_pain,Monoprix Courses (online),https://courses.monoprix.fr,"1,99 €",1.99,https://courses.monoprix.fr/products/harrys-toast-nature-250g/MPX_6655868,monoprix_scrape,2026-01-28T10:49:22
Poilane Quart de Miche tranchée 450g,alimentaire_pain,Monoprix Courses (online),https://courses.monoprix.fr,"3,35 €",3.35,https://courses.monoprix.fr/products/poilane-quart-de-miche-tranchée-450g/MPX_1625585,monoprix_scrape,2026-01-28T10:49:22
Monoprix Bio Galettes de Maïs 110g,alimentaire_pain,Monoprix Courses (online),https://courses.monoprix.fr,"1,75 €",1.75,https://courses.monoprix.fr/products/monoprix-bio-galettes-de-maïs-110g/MPX_2699948,monoprix_scrape,2026-01-28T10:49:22
Krisprolls Petits Pains Complets 425g,alimentaire_pain,Monoprix Courses (online),https://courses.monoprix.fr,"4,09 €",4.09,https://courses.monoprix.fr/products/krisprolls-petits-pains-complets-425g/MPX_3525434,monoprix_scrape,2026-01-28T10:49:22
La Boulangère Pain de mie tranché aux graines de Lin et Tournesol 500g,alimentaire_pain,Monoprix Courses (online),https://courses.monoprix.fr,"2,55 €",2.55,https://courses.monoprix.fr/products/la-boulangère-pain-de-mie-tranché-aux-graines-de-lin-et-tournesol-500g/MPX_3670619,monoprix_scrape,2026-01-28T10:49:22
Brioche Pasquier - Croissants - x8 320g,alimentaire_pain,Monoprix Courses (online),https://courses.monoprix.fr,"2,75 €",2.75,https://courses.monoprix.fr/products/brioche-pasquier-croissants-x8-320g/MPX_2438716,monoprix_scrape,2026-01-28T10:49:22
Yoplait Skyr Nature Recette Au Yaourt Riche En Proteine Pots 4x100g,alimentaire_oeufs,Monoprix Courses (online),https://courses.monoprix.fr,"2,79 €",2.79,https://courses.monoprix.fr/products/yoplait-skyr-nature-recette-au-yaourt-riche-en-proteine-pots-4x100g/MPX_4199985,monoprix_scrape,2026-01-28T10:49:22
Andros Compote Pomme Poire 4x100g,alimentaire_oeufs,Monoprix Courses (online),https://courses.monoprix.fr,"1,95 €",1.95,https://courses.monoprix.fr/products/andros-compote-pomme-poire-4x100g/MPX_3045450,monoprix_scrape,2026-01-28T10:49:22
Andros Compote Pomme Châtaigne 4x100g,alimentaire_oeufs,Monoprix Courses (online),https://courses.monoprix.fr,"2,49 €",2.49,https://courses.monoprix.fr/products/andros-compote-pomme-châtaigne-4x100g/MPX_3045451,monoprix_scrape,2026-01-28T10:49:22
Danette Crème Dessert Chocolat 4x125g,alimentaire_oeufs,Monoprix Courses (online),https://courses.monoprix.fr,"1,85 €",1.85,https://courses.monoprix.fr/products/danette-crème-dessert-chocolat-4x125g/MPX_2442112,monoprix_scrape,2026-01-28T10:49:22
Danette Crème Dessert Vanille Le Pack De 4x125g,alimentaire_oeufs,Monoprix Courses (online),https://courses.monoprix.fr,"1,85 €",1.85,https://courses.monoprix.fr/products/danette-crème-dessert-vanille-le-pack-de-4x125g/MPX_2442116,monoprix_scrape,2026-01-28T10:49:22
Viennois Liégeois chocolat 4x100g,alimentaire_oeufs,Monoprix Courses (online),https://courses.monoprix.fr,"1,95 €",1.95,https://courses.monoprix.fr/products/viennois-liégeois-chocolat-4x100g/MPX_3974173,monoprix_scrape,2026-01-28T10:49:22
Activia Yaourt Citron Bifidus 4x125g,alimentaire_oeufs,Monoprix Courses (online),https://courses.monoprix.fr,"2,09 €",2.09,https://courses.monoprix.fr/products/activia-yaourt-citron-bifidus-4x125g/MPX_2852367,monoprix_scrape,2026-01-28T10:49:22
Andros Compote Pomme & Fraise 4x100g,alimentaire_oeufs,Monoprix Courses (online),https://courses.monoprix.fr,"1,99 €",1.99,https://courses.monoprix.fr/products/andros-compote-pomme-fraise-4x100g/MPX_3045449,monoprix_scrape,2026-01-28T10:49:22
Kiri Crème Fromage Enfant 12 Portions 216g,alimentaire_oeufs,Monoprix Courses (online),https://courses.monoprix.fr,"3,39 €",3.39,https://courses.monoprix.fr/products/kiri-crème-fromage-enfant-12-portions-216g/MPX_4124761,monoprix_scrape,2026-01-28T10:49:22
Siggi's Skyr 2% Mg Framboise 2x140g,alimentaire_oeufs,Monoprix Courses (online),https://courses.monoprix.fr,"3,19 €",3.19,https://courses.monoprix.fr/products/siggi-s-skyr-2-mg-framboise-2x140g/MPX_3635627,monoprix_scrape,2026-01-28T10:49:22
Activia Yaourt Vanille Bifidus 4x125g,alimentaire_oeufs,Monoprix Courses (online),https://courses.monoprix.fr,"2,09 €",2.09,https://courses.monoprix.fr/products/activia-yaourt-vanille-bifidus-4x125g/MPX_2852368,monoprix_scrape,2026-01-28T10:49:22
Siggi's Skyr 2% Mg Vanille 2x140g,alimentaire_oeufs,Monoprix Courses (online),https://courses.monoprix.fr,"3,09 €",3.09,https://courses.monoprix.fr/products/siggi-s-skyr-2-mg-vanille-2x140g/MPX_3513803,monoprix_scrape,2026-01-28T10:49:22
Activia Yaourt Bifidus Saveur Coco 4x125g,alimentaire_oeufs,Monoprix Courses (online),https://courses.monoprix.fr,"2,09 €",2.09,https://courses.monoprix.fr/products/activia-yaourt-bifidus-saveur-coco-4x125g/MPX_2852369,monoprix_scrape,2026-01-28T10:49:22
Andros Compote Pomme & Rhubarbe 4x100g,alimentaire_oeufs,Monoprix Courses (online),https://courses.monoprix.fr,"1,95 €",1.95,https://courses.monoprix.fr/products/andros-compote-pomme-rhubarbe-4x100g/MPX_63582,monoprix_scrape,2026-01-28T10:49:22
Lactel Lait Demi-Écrémé Bio 6x1L,alimentaire_oeufs,Monoprix Courses (online),https://courses.monoprix.fr,"10,50 €",10.5,https://courses.monoprix.fr/products/lactel-lait-demi-écrémé-bio-6x1l/MPX_812129,monoprix_scrape,2026-01-28T10:49:22
Siggi's Skyr 2% Mg Myrtille 2x140g,alimentaire_oeufs,Monoprix Courses (online),https://courses.monoprix.fr,"3,19 €",3.19,https://courses.monoprix.fr/products/siggi-s-skyr-2-mg-myrtille-2x140g/MPX_3513801,monoprix_scrape,2026-01-28T10:49:22
Danette Crème Dessert Chocolat Noir Extra 4x125g,alimentaire_oeufs,Monoprix Courses (online),https://courses.monoprix.fr,"2,09 €",2.09,https://courses.monoprix.fr/products/danette-crème-dessert-chocolat-noir-extra-4x125g/MPX_64010,monoprix_scrape,2026-01-28T10:49:22
Siggi's Skyr 0% Mg Nature 2x140g,alimentaire_oeufs,Monoprix Courses (online),https://courses.monoprix.fr,"2,99 €",2.99,https://courses.monoprix.fr/products/siggi-s-skyr-0-mg-nature-2x140g/MPX_3513802,monoprix_scrape,2026-01-28T10:49:22
Andros Compote Pomme & Abricot 4x100g,alimentaire_oeufs,Monoprix Courses (online),https://courses.monoprix.fr,"1,99 €",1.99,https://courses.monoprix.fr/products/andros-compote-pomme-abricot-4x100g/MPX_3045448,monoprix_scrape,2026-01-28T10:49:22
Viennois Liégeois café 4x100g,alimentaire_oeufs,Monoprix Courses (online),https://courses.monoprix.fr,"1,99 €",1.99,https://courses.monoprix.fr/products/viennois-liégeois-café-4x100g/MPX_3974174,monoprix_scrape,2026-01-28T10:49:22
Les 2 Vaches Skyr Bio 825g,alimentaire_oeufs,Monoprix Courses (online),https://courses.monoprix.fr,"5,89 €",5.89,https://courses.monoprix.fr/products/les-2-vaches-skyr-bio-825g/MPX_6620850,monoprix_scrape,2026-01-28T10:49:22
Danonino Petits Suisses Aux Fruits 12x50g,alimentaire_oeufs,Monoprix Courses (online),https://courses.monoprix.fr,"3,09 €",3.09,https://courses.monoprix.fr/products/danonino-petits-suisses-aux-fruits-12x50g/MPX_3254479,monoprix_scrape,2026-01-28T10:49:22
Siggi's Skyr 2% Mg Mangue Passion 2x140g,alimentaire_oeufs,Monoprix Courses (online),https://courses.monoprix.fr,"3,09 €",3.09,https://courses.monoprix.fr/products/siggi-s-skyr-2-mg-mangue-passion-2x140g/MPX_5227089,monoprix_scrape,2026-01-28T10:49:22
Kiri Fromage Bio x8 -144g,alimentaire_oeufs,Monoprix Courses (online),https://courses.monoprix.fr,"2,89 €",2.89,https://courses.monoprix.fr/products/kiri-fromage-bio-x8-144g/MPX_5498858,monoprix_scrape,2026-01-28T10:49:22
Viennois Mousse Liégeoise chocolat 4x90g,alimentaire_oeufs,Monoprix Courses (online),https://courses.monoprix.fr,"2,09 €",2.09,https://courses.monoprix.fr/products/viennois-mousse-liégeoise-chocolat-4x90g/MPX_165909,monoprix_scrape,2026-01-28T10:49:22
Oatly The Original - Boisson à l'Avoine 1L,alimentaire_oeufs,Monoprix Courses (online),https://courses.monoprix.fr,"2,89 €",2.89,https://courses.monoprix.fr/products/oatly-the-original-boisson-à-l-avoine-1l/MPX_3659600,monoprix_scrape,2026-01-28T10:49:22
Andros Compote Pomme Framboise 4x100g,alimentaire_oeufs,Monoprix Courses (online),https://courses.monoprix.fr,"2,39 €",2.39,https://courses.monoprix.fr/products/andros-compote-pomme-framboise-4x100g/MPX_1031319,monoprix_scrape,2026-01-28T10:49:22
Kiri Goûter Fromage 5 Barquettes 175g,alimentaire_oeufs,Monoprix Courses (online),https://courses.monoprix.fr,"2,85 €",2.85,https://courses.monoprix.fr/products/kiri-goûter-fromage-5-barquettes-175g/MPX_1626863,monoprix_scrape,2026-01-28T10:49:22
Soignon Yaourt Nature Entier Au Lait De Chèvre 4x125g,alimentaire_oeufs,Monoprix Courses (online),https://courses.monoprix.fr,"2,69 €",2.69,https://courses.monoprix.fr/products/soignon-yaourt-nature-entier-au-lait-de-chèvre-4x125g/MPX_2321366,monoprix_scrape,2026-01-28T10:49:22
Danette Crème Dessert Caramel 4x125g,alimentaire_oeufs,Monoprix Courses (online),https://courses.monoprix.fr,"1,85 €",1.85,https://courses.monoprix.fr/products/danette-crème-dessert-caramel-4x125g/MPX_2442113,monoprix_scrape,2026-01-28T10:49:22
HiPRO Yaourt Vanille 15g Protéines 2x160g,alimentaire_oeufs,Monoprix Courses (online),https://courses.monoprix.fr,"2,99 €",2.99,https://courses.monoprix.fr/products/hipro-yaourt-vanille-15g-protéines-2x160g/MPX_3858545,monoprix_scrape,2026-01-28T10:49:22
Isigny Saint Mère Crème Vanille Madagascar 250g,alimentaire_oeufs,Monoprix Courses (online),https://courses.monoprix.fr,"3,49 €",3.49,https://courses.monoprix.fr/products/isigny-saint-mère-crème-vanille-madagascar-250g/MPX_570339,monoprix_scrape,2026-01-28T10:49:22
Lactel Lait Entier Bio 6x1L,alimentaire_oeufs,Monoprix Courses (online),https://courses.monoprix.fr,"13,50 €",13.5,https://courses.monoprix.fr/products/lactel-lait-entier-bio-6x1l/MPX_899067,monoprix_scrape,2026-01-28T10:49:22
Siggi's Skyr Noisette 3% de Mg 2x140g,alimentaire_oeufs,Monoprix Courses (online),https://courses.monoprix.fr,"3,09 €",3.09,https://courses.monoprix.fr/products/siggi-s-skyr-noisette-3-de-mg-2x140g/MPX_6719896,monoprix_scrape,2026-01-28T10:49:22
Danette Crème Dessert Café Expresso 4x125g,alimentaire_oeufs,Monoprix Courses (online),https://courses.monoprix.fr,"2,09 €",2.09,https://courses.monoprix.fr/products/danette-crème-dessert-café-expresso-4x125g/MPX_64867,monoprix_scrape,2026-01-28T10:49:22
HiPRO Yaourt Myrtille 15g Protéines 2x160g,alimentaire_oeufs,Monoprix Courses (online),https://courses.monoprix.fr,"2,99 €",2.99,https://courses.monoprix.fr/products/hipro-yaourt-myrtille-15g-protéines-2x160g/MPX_3823385,monoprix_scrape,2026-01-28T10:49:22
HiPRO Yaourt stracciatella protéiné 0% de Mg 2x160g,alimentaire_oeufs,Monoprix Courses (online),https://courses.monoprix.fr,"2,99 €",2.99,https://courses.monoprix.fr/products/hipro-yaourt-stracciatella-protéiné-0-de-mg-2x160g/MPX_6675563,monoprix_scrape,2026-01-28T10:49:22
Bresse Bleu Le Véritable 200g,alimentaire_oeufs,Monoprix Courses (online),https://courses.monoprix.fr,"3,79 €",3.79,https://courses.monoprix.fr/products/bresse-bleu-le-véritable-200g/MPX_3181561,monoprix_scrape,2026-01-28T10:49:22
HiPRO Yaourt Protéiné à la Fraise 2x160g,alimentaire_oeufs,Monoprix Courses (online),https://courses.monoprix.fr,"2,95 €",2.95,https://courses.monoprix.fr/products/hipro-yaourt-protéiné-à-la-fraise-2x160g/MPX_6790080,monoprix_scrape,2026-01-28T10:49:22
Yoplait Skyr Myrtille Yaourt Riche En Proteine 0% M.G. Pots 4x100g,alimentaire_oeufs,Monoprix Courses (online),https://courses.monoprix.fr,"2,69 €",2.69,https://courses.monoprix.fr/products/yoplait-skyr-myrtille-yaourt-riche-en-proteine-0-m-g-pots-4x100g/MPX_5094697,monoprix_scrape,2026-01-28T10:49:22
L'Atelier Blini Recette fouettée au fromage frais échalote et ciboulette 140g,alimentaire_oeufs,Monoprix Courses (online),https://courses.monoprix.fr,"3,89 €",3.89,https://courses.monoprix.fr/products/l-atelier-blini-recette-fouettée-au-fromage-frais-échalote-et-ciboulette-140g/MPX_3766392,monoprix_scrape,2026-01-28T10:49:22
Bonne Maman Baba Au Rhum À La Chantilly 280g,alimentaire_oeufs,Monoprix Courses (online),https://courses.monoprix.fr,"2,99 €",2.99,https://courses.monoprix.fr/products/bonne-maman-baba-au-rhum-à-la-chantilly-280g/MPX_1951799,monoprix_scrape,2026-01-28T10:49:22
Siggi's Skyr Citron 2% Mg 2x140g,alimentaire_oeufs,Monoprix Courses (online),https://courses.monoprix.fr,"3,09 €",3.09,https://courses.monoprix.fr/products/siggi-s-skyr-citron-2-mg-2x140g/MPX_4097974,monoprix_scrape,2026-01-28T10:49:22
HiPRO Yaourt Protéiné 0% Saveur Beurre De Cacahuète Banane 2x160g,alimentaire_oeufs,Monoprix Courses (online),https://courses.monoprix.fr,"2,95 €",2.95,https://courses.monoprix.fr/products/hipro-yaourt-protéiné-0-saveur-beurre-de-cacahuète-banane-2x160g/MPX_4231260,monoprix_scrape,2026-01-28T10:49:22
Activia Yaourt Bifidus Saveur Framboise 4x125g,alimentaire_oeufs,Monoprix Courses (online),https://courses.monoprix.fr,"2,09 €",2.09,https://courses.monoprix.fr/products/activia-yaourt-bifidus-saveur-framboise-4x125g/MPX_4209748,monoprix_scrape,2026-01-28T10:49:22
Cœur De Lion Camembert 250g,alimentaire_oeufs,Monoprix Courses (online),https://courses.monoprix.fr,"2,69 €",2.69,https://courses.monoprix.fr/products/cœur-de-lion-camembert-250g/MPX_64360,monoprix_scrape,2026-01-28T10:49:22
Paysan Breton Lait Ribot 1L,alimentaire_oeufs,Monoprix Courses (online),https://courses.monoprix.fr,"2,35 €",2.35,https://courses.monoprix.fr/products/paysan-breton-lait-ribot-1l/MPX_179755,monoprix_scrape,2026-01-28T10:49:22
Yoplait Skyr Fruits Rouges 0% M.G. 4x100g,alimentaire_oeufs,Monoprix Courses (online),https://courses.monoprix.fr,"2,25 €",2.25,https://courses.monoprix.fr/products/yoplait-skyr-fruits-rouges-0-m-g-4x100g/MPX_6686200,monoprix_scrape,2026-01-28T10:49:22
Kiri Gouter au Blé Complet 5 portions -175g,alimentaire_oeufs,Monoprix Courses (online),https://courses.monoprix.fr,"2,99 €",2.99,https://courses.monoprix.fr/products/kiri-gouter-au-blé-complet-5-portions-175g/MPX_4248678,monoprix_scrape,2026-01-28T10:49:22
Andros Compote Pomme Pêche 4x100g,alimentaire_oeufs,Monoprix Courses (online),https://courses.monoprix.fr,"1,89 €",1.89,https://courses.monoprix.fr/products/andros-compote-pomme-pêche-4x100g/MPX_1803934,monoprix_scrape,2026-01-28T10:49:22
Avocat Hass Catégorie 2 Bio x2,alimentaire_fruits_legumes,Monoprix Courses (online),https://courses.monoprix.fr,"2,99 €",2.99,https://courses.monoprix.fr/products/avocat-hass-catégorie-2-bio-x2/MPX_2564591,monoprix_scrape,2026-01-28T10:49:22
Pomme Juliet Bio x4 Catégorie 2,alimentaire_fruits_legumes,Monoprix Courses (online),https://courses.monoprix.fr,"2,49 €",2.49,https://courses.monoprix.fr/products/pomme-juliet-bio-x4-catégorie-2/MPX_2153991,monoprix_scrape,2026-01-28T10:49:22
"Florette Radis déjà lavés, prêt à consommer 200g",alimentaire_fruits_legumes,Monoprix Courses (online),https://courses.monoprix.fr,"2,89 €",2.89,https://courses.monoprix.fr/products/florette-radis-déjà-lavés-prêt-à-consommer-200g/MPX_1820056,monoprix_scrape,2026-01-28T10:49:22
Monoprix Tous Cultiv'Acteurs Échalote Traditionnelle 250g,alimentaire_fruits_legumes,Monoprix Courses (online),https://courses.monoprix.fr,"0,89 €",0.89,https://courses.monoprix.fr/products/monoprix-tous-cultiv-acteurs-échalote-traditionnelle-250g/MPX_4122967,monoprix_scrape,2026-01-28T10:49:22
"Florette Baby carottes, sans conservateur 250g",alimentaire_fruits_legumes,Monoprix Courses (online),https://courses.monoprix.fr,"2,89 €",2.89,https://courses.monoprix.fr/products/florette-baby-carottes-sans-conservateur-250g/MPX_875083,monoprix_scrape,2026-01-28T10:49:22
Natoora Oranges à Jus 1kg,alimentaire_fruits_legumes,Monoprix Courses (online),https://courses.monoprix.fr,"3,32 €",3.32,https://courses.monoprix.fr/products/natoora-oranges-à-jus-1kg/MPX_4420025,monoprix_scrape,2026-01-28T10:49:22
Monoprix Seau de Myrtilles 500g,alimentaire_fruits_legumes,Monoprix Courses (online),https://courses.monoprix.fr,"6,99 €",6.99,https://courses.monoprix.fr/products/monoprix-seau-de-myrtilles-500g/MPX_6808810,monoprix_scrape,2026-01-28T10:49:22
Priméale Gourmet Pommes de terre raclette minute 500g,alimentaire_fruits_legumes,Monoprix Courses (online),https://courses.monoprix.fr,"2,00 €",2.0,https://courses.monoprix.fr/products/priméale-gourmet-pommes-de-terre-raclette-minute-500g/MPX_3440732,monoprix_scrape,2026-01-28T10:49:22
Monoprix Tous Cultiv'Acteurs tomate cerise en grappe 300g,alimentaire_fruits_legumes,Monoprix Courses (online),https://courses.monoprix.fr,"5,99 €",5.99,https://courses.monoprix.fr/products/monoprix-tous-cultiv-acteurs-tomate-cerise-en-grappe-300g/MPX_6714593,monoprix_scrape,2026-01-28T10:49:22
"Monoprix Pomme de Terre au Four 2,5kg",alimentaire_fruits_legumes,Monoprix Courses (online),https://courses.monoprix.fr,"2,49 €",2.49,https://courses.monoprix.fr/products/monoprix-pomme-de-terre-au-four-2-5kg/MPX_2106886,monoprix_scrape,2026-01-28T10:49:22
Mangue Avion x1,alimentaire_fruits_legumes,Monoprix Courses (online),https://courses.monoprix.fr,"4,99 €",4.99,https://courses.monoprix.fr/products/mangue-avion-x1/MPX_1628292,monoprix_scrape,2026-01-28T10:49:22
Monoprix Tous Cultiv'Acteurs Orange à Jus 2kg,alimentaire_fruits_legumes,Monoprix Courses (online),https://courses.monoprix.fr,"3,49 €",3.49,https://courses.monoprix.fr/products/monoprix-tous-cultiv-acteurs-orange-à-jus-2kg/MPX_6791560,monoprix_scrape,2026-01-28T10:49:22
Seeberger Amandes 500g,alimentaire_fruits_legumes,Monoprix Courses (online),https://courses.monoprix.fr,"13,55 €",13.55,https://courses.monoprix.fr/products/seeberger-amandes-500g/MPX_2638524,monoprix_scrape,2026-01-28T10:49:22
Greenshoot Soupe Courgette Parmesan & Noisettes 1L,alimentaire_fruits_legumes,Monoprix Courses (online),https://courses.monoprix.fr,"5,79 €",5.79,https://courses.monoprix.fr/products/greenshoot-soupe-courgette-parmesan-noisettes-1l/MPX_2261481,monoprix_scrape,2026-01-28T10:49:22
"Florette Trio mâche, roquette et betterave 175g",alimentaire_fruits_legumes,Monoprix Courses (online),https://courses.monoprix.fr,"2,49 €",2.49,https://courses.monoprix.fr/products/florette-trio-mâche-roquette-et-betterave-175g/MPX_2821983,monoprix_scrape,2026-01-28T10:49:22
Pur Jus Gala Nature Pomme 1L,alimentaire_fruits_legumes,Monoprix Courses (online),https://courses.monoprix.fr,"3,99 €",3.99,https://courses.monoprix.fr/products/pur-jus-gala-nature-pomme-1l/MPX_1179312,monoprix_scrape,2026-01-28T10:49:22
Florette Mesclun Mélange de jeunes pousses 175g,alimentaire_fruits_legumes,Monoprix Courses (online),https://courses.monoprix.fr,"2,79 €",2.79,https://courses.monoprix.fr/products/florette-mesclun-mélange-de-jeunes-pousses-175g/MPX_1045542,monoprix_scrape,2026-01-28T10:49:22
Greenshoot Soupe De Petit Pois À La Ricotta Et Au Basilic 1L,alimentaire_fruits_legumes,Monoprix Courses (online),https://courses.monoprix.fr,"5,79 €",5.79,https://courses.monoprix.fr/products/greenshoot-soupe-de-petit-pois-à-la-ricotta-et-au-basilic-1l/MPX_1906059,monoprix_scrape,2026-01-28T10:49:22
Ferme d'Anchin Soupe 8 Légumes 30% de Sel Bio 500ml,alimentaire_fruits_legumes,Monoprix Courses (online),https://courses.monoprix.fr,"5,39 €",5.39,https://courses.monoprix.fr/products/ferme-d-anchin-soupe-8-légumes-30-de-sel-bio-500ml/MPX_3647208,monoprix_scrape,2026-01-28T10:49:22
Seeberger Assortiment de Noix 400g,alimentaire_fruits_legumes,Monoprix Courses (online),https://courses.monoprix.fr,"12,99 €",12.99,https://courses.monoprix.fr/products/seeberger-assortiment-de-noix-400g/MPX_2638526,monoprix_scrape,2026-01-28T10:49:22
Seeberger Cerneaux De Noix 500g,alimentaire_fruits_legumes,Monoprix Courses (online),https://courses.monoprix.fr,"19,99 €",19.99,https://courses.monoprix.fr/products/seeberger-cerneaux-de-noix-500g/MPX_2638523,monoprix_scrape,2026-01-28T10:49:22
Oignon Rose de Bretagne 1kg,alimentaire_fruits_legumes,Monoprix Courses (online),https://courses.monoprix.fr,"2,29 €",2.29,https://courses.monoprix.fr/products/oignon-rose-de-bretagne-1kg/MPX_181217,monoprix_scrape,2026-01-28T10:49:22
"Ferme d'Anchin Soupe Carotte, Lait de Coco et Curcuma Bio 500ml",alimentaire_fruits_legumes,Monoprix Courses (online),https://courses.monoprix.fr,"5,39 €",5.39,https://courses.monoprix.fr/products/ferme-d-anchin-soupe-carotte-lait-de-coco-et-curcuma-bio-500ml/MPX_1753968,monoprix_scrape,2026-01-28T10:49:22
Ferme D'Anchin soupe bio potimarron gingembre & curry 500ml,alimentaire_fruits_legumes,Monoprix Courses (online),https://courses.monoprix.fr,"5,39 €",5.39,https://courses.monoprix.fr/products/ferme-d-anchin-soupe-bio-potimarron-gingembre-curry-500ml/MPX_1753970,monoprix_scrape,2026-01-28T10:49:22
Seeberger Mix De Raisins Et Noix 400g,alimentaire_fruits_legumes,Monoprix Courses (online),https://courses.monoprix.fr,"9,99 €",9.99,https://courses.monoprix.fr/products/seeberger-mix-de-raisins-et-noix-400g/MPX_2638530,monoprix_scrape,2026-01-28T10:49:22
Ferme d'Anchin Soupe Patate Douce Coco Curry Bio 500ml,alimentaire_fruits_legumes,Monoprix Courses (online),https://courses.monoprix.fr,"5,39 €",5.39,https://courses.monoprix.fr/products/ferme-d-anchin-soupe-patate-douce-coco-curry-bio-500ml/MPX_6886302,monoprix_scrape,2026-01-28T10:49:22
Banane Bio x5 Fruits,alimentaire_fruits_legumes,Monoprix Courses (online),https://courses.monoprix.fr,"1,89 €",1.89,https://courses.monoprix.fr/products/banane-bio-x5-fruits/MPX_3648296,monoprix_scrape,2026-01-28T10:49:22
Monoprix Bio Citron Jaune x4 Catégorie 2,alimentaire_fruits_legumes,Monoprix Courses (online),https://courses.monoprix.fr,"2,99 €",2.99,https://courses.monoprix.fr/products/monoprix-bio-citron-jaune-x4-catégorie-2/MPX_2154121,monoprix_scrape,2026-01-28T10:49:22
Concombre Bio 1 pièce,alimentaire_fruits_legumes,Monoprix Courses (online),https://courses.monoprix.fr,"2,49 €",2.49,https://courses.monoprix.fr/products/concombre-bio-1-pièce/MPX_149317,monoprix_scrape,2026-01-28T10:49:22
Azura Tomates Cerises Allongées 400g,alimentaire_fruits_legumes,Monoprix Courses (online),https://courses.monoprix.fr,"2,60 €",2.6,https://courses.monoprix.fr/products/azura-tomates-cerises-allongées-400g/MPX_6793463,monoprix_scrape,2026-01-28T10:49:22
Cœur de Sucrine x3,alimentaire_fruits_legumes,Monoprix Courses (online),https://courses.monoprix.fr,"1,59 €",1.59,https://courses.monoprix.fr/products/cœur-de-sucrine-x3/MPX_2350772,monoprix_scrape,2026-01-28T10:49:22
Courgette 1kg,alimentaire_fruits_legumes,Monoprix Courses (online),https://courses.monoprix.fr,"5,99 €",5.99,https://courses.monoprix.fr/products/courgette-1kg/MPX_3953108,monoprix_scrape,2026-01-28T10:49:22
Oignon jaune 50/70 500g,alimentaire_fruits_legumes,Monoprix Courses (online),https://courses.monoprix.fr,"1,99 €",1.99,https://courses.monoprix.fr/products/oignon-jaune-50-70-500g/MPX_810309,monoprix_scrape,2026-01-28T10:49:22
Chou Brocoli 500g,alimentaire_fruits_legumes,Monoprix Courses (online),https://courses.monoprix.fr,"2,99 €",2.99,https://courses.monoprix.fr/products/chou-brocoli-500g/MPX_80119,monoprix_scrape,2026-01-28T10:49:22
Pomme Gala Bio Catégorie 2 x4,alimentaire_fruits_legumes,Monoprix Courses (online),https://courses.monoprix.fr,"2,99 €",2.99,https://courses.monoprix.fr/products/pomme-gala-bio-catégorie-2-x4/MPX_3293006,monoprix_scrape,2026-01-28T10:49:22
Azura Tomates Cerises Mélangées 400g,alimentaire_fruits_legumes,Monoprix Courses (online),https://courses.monoprix.fr,"2,60 €",2.6,https://courses.monoprix.fr/products/azura-tomates-cerises-mélangées-400g/MPX_6793462,monoprix_scrape,2026-01-28T10:49:22
Monoprix Endive x5,alimentaire_fruits_legumes,Monoprix Courses (online),https://courses.monoprix.fr,"3,50 €",3.5,https://courses.monoprix.fr/products/monoprix-endive-x5/MPX_2008202,monoprix_scrape,2026-01-28T10:49:22
"Monoprix Bio Carotte sachet 1,5kg",alimentaire_fruits_legumes,Monoprix Courses (online),https://courses.monoprix.fr,"3,99 €",3.99,https://courses.monoprix.fr/products/monoprix-bio-carotte-sachet-1-5kg/MPX_6716509,monoprix_scrape,2026-01-28T10:49:22
Natoora Poire Conférence - CAT:I - 500g,alimentaire_fruits_legumes,Monoprix Courses (online),https://courses.monoprix.fr,"3,90 €",3.9,https://courses.monoprix.fr/products/natoora-poire-conférence-cat-i-500g/MPX_3987638,monoprix_scrape,2026-01-28T10:49:22
Champignon Blanc de Paris 500g,alimentaire_fruits_legumes,Monoprix Courses (online),https://courses.monoprix.fr,"2,99 €",2.99,https://courses.monoprix.fr/products/champignon-blanc-de-paris-500g/MPX_80082,monoprix_scrape,2026-01-28T10:49:22
Natoora Poireaux Nouveaux Cat: I 500g,alimentaire_fruits_legumes,Monoprix Courses (online),https://courses.monoprix.fr,"2,49 €",2.49,https://courses.monoprix.fr/products/natoora-poireaux-nouveaux-cat-i-500g/MPX_4920155,monoprix_scrape,2026-01-28T10:49:22
Monoprix Barquette de Framboises 125g,alimentaire_fruits_legumes,Monoprix Courses (online),https://courses.monoprix.fr,"2,99 €",2.99,https://courses.monoprix.fr/products/monoprix-barquette-de-framboises-125g/MPX_6758286,monoprix_scrape,2026-01-28T10:49:22
Haricot Vert fin 250g,alimentaire_fruits_legumes,Monoprix Courses (online),https://courses.monoprix.fr,"2,89 €",2.89,https://courses.monoprix.fr/products/haricot-vert-fin-250g/MPX_2409163,monoprix_scrape,2026-01-28T10:49:22
Kiwi gold bio en barquette x4,alimentaire_fruits_legumes,Monoprix Courses (online),https://courses.monoprix.fr,"6,99 €",6.99,https://courses.monoprix.fr/products/kiwi-gold-bio-en-barquette-x4/MPX_6631773,monoprix_scrape,2026-01-28T10:49:22
Instant Bio Courgette Bio 500g,alimentaire_fruits_legumes,Monoprix Courses (online),https://courses.monoprix.fr,"3,99 €",3.99,https://courses.monoprix.fr/products/instant-bio-courgette-bio-500g/MPX_3740943,monoprix_scrape,2026-01-28T10:49:22
Natoora Clémentine Feuille Catégorie 1 Calibre 2 - 500g,alimentaire_fruits_legumes,Monoprix Courses (online),https://courses.monoprix.fr,"2,99 €",2.99,https://courses.monoprix.fr/products/natoora-clémentine-feuille-catégorie-1-calibre-2-500g/MPX_3960051,monoprix_scrape,2026-01-28T10:49:22
Monoprix Bio Mandarine catégorie 2 750g,alimentaire_fruits_legumes,Monoprix Courses (online),https://courses.monoprix.fr,"4,49 €",4.49,https://courses.monoprix.fr/products/monoprix-bio-mandarine-catégorie-2-750g/MPX_2293797,monoprix_scrape,2026-01-28T10:49:22
Monoprix Kiwi Jaune *4 Catégorie 1 400g,alimentaire_fruits_legumes,Monoprix Courses (online),https://courses.monoprix.fr,"4,99 €",4.99,https://courses.monoprix.fr/products/monoprix-kiwi-jaune-4-catégorie-1-400g/MPX_4203322,monoprix_scrape,2026-01-28T10:49:22
Endive Apéritif x6,alimentaire_fruits_legumes,Monoprix Courses (online),https://courses.monoprix.fr,"3,99 €",3.99,https://courses.monoprix.fr/products/endive-apéritif-x6/MPX_2008204,monoprix_scrape,2026-01-28T10:49:22
Bouquet Bio Tomates cerise Bio 250g,alimentaire_fruits_legumes,Monoprix Courses (online),https://courses.monoprix.fr,"2,99 €",2.99,https://courses.monoprix.fr/products/bouquet-bio-tomates-cerise-bio-250g/MPX_2159157,monoprix_scrape,2026-01-28T10:49:22
Kinder Moulage Père noël caramel 110g,alimentaire_sucre,Monoprix Courses (online),https://courses.monoprix.fr,"4,25 €",4.25,https://courses.monoprix.fr/products/kinder-moulage-père-noël-caramel-110g/MPX_6838929,monoprix_scrape,2026-01-28T10:49:22
Kinder Surprise Œufs Chocolatées 120g,alimentaire_sucre,Monoprix Courses (online),https://courses.monoprix.fr,"7,65 €",7.65,https://courses.monoprix.fr/products/kinder-surprise-œufs-chocolatées-120g/MPX_2481530,monoprix_scrape,2026-01-28T10:49:22
Lindt Moulage Père noël au chocolat au lait 125g,alimentaire_sucre,Monoprix Courses (online),https://courses.monoprix.fr,"6,39 €",6.39,https://courses.monoprix.fr/products/lindt-moulage-père-noël-au-chocolat-au-lait-125g/MPX_6839830,monoprix_scrape,2026-01-28T10:49:22
Alsa Levure Chimique Alsacienne 8 Sachets 88g,alimentaire_sucre,Monoprix Courses (online),https://courses.monoprix.fr,"0,99 €",0.99,https://courses.monoprix.fr/products/alsa-levure-chimique-alsacienne-8-sachets-88g/MPX_2653520,monoprix_scrape,2026-01-28T10:49:22
Granola Cookies aux gros éclats de Chocolat 184g,alimentaire_sucre,Monoprix Courses (online),https://courses.monoprix.fr,"2,55 €",2.55,https://courses.monoprix.fr/products/granola-cookies-aux-gros-éclats-de-chocolat-184g/MPX_1894583,monoprix_scrape,2026-01-28T10:49:22
Nocciolata Pâte à Tartiner Cacao et Noisettes Bio 650g,alimentaire_sucre,Monoprix Courses (online),https://courses.monoprix.fr,"10,09 €",10.09,https://courses.monoprix.fr/products/nocciolata-pâte-à-tartiner-cacao-et-noisettes-bio-650g/MPX_6603583,monoprix_scrape,2026-01-28T10:49:22
Francine Farine De Blé Fluide T45 1kg,alimentaire_sucre,Monoprix Courses (online),https://courses.monoprix.fr,"1,69 €",1.69,https://courses.monoprix.fr/products/francine-farine-de-blé-fluide-t45-1kg/MPX_1061,monoprix_scrape,2026-01-28T10:49:22
Lu Palmito Biscuits feuilletés Caramélisées 100g,alimentaire_sucre,Monoprix Courses (online),https://courses.monoprix.fr,"1,25 €",1.25,https://courses.monoprix.fr/products/lu-palmito-biscuits-feuilletés-caramélisées-100g/MPX_314,monoprix_scrape,2026-01-28T10:49:22
Whaou! Crêpes au Chocolat x15 480g,alimentaire_sucre,Monoprix Courses (online),https://courses.monoprix.fr,"4,65 €",4.65,https://courses.monoprix.fr/products/whaou-crêpes-au-chocolat-x15-480g/MPX_3741956,monoprix_scrape,2026-01-28T10:49:22
Nature Valley Barre De Céréales Protein Cacahuètes & Chocolat 40g,alimentaire_sucre,Monoprix Courses (online),https://courses.monoprix.fr,"4,15 €",4.15,https://courses.monoprix.fr/products/nature-valley-barre-de-céréales-protein-cacahuètes-chocolat-40g/MPX_3487748,monoprix_scrape,2026-01-28T10:49:22
Andros Compote Pomme Framboise 4x100g,alimentaire_sucre,Monoprix Courses (online),https://courses.monoprix.fr,"2,39 €",2.39,https://courses.monoprix.fr/products/andros-compote-pomme-framboise-4x100g/MPX_1031319,monoprix_scrape,2026-01-28T10:49:22
Nature Valley Barres De Céréales Sweet & Salty Chocolat Noir 5x30g,alimentaire_sucre,Monoprix Courses (online),https://courses.monoprix.fr,"3,89 €",3.89,https://courses.monoprix.fr/products/nature-valley-barres-de-céréales-sweet-salty-chocolat-noir-5x30g/MPX_3243533,monoprix_scrape,2026-01-28T10:49:22
"Vahiné, Sucre Vanillé 10x7,5g",alimentaire_sucre,Monoprix Courses (online),https://courses.monoprix.fr,"2,65 €",2.65,https://courses.monoprix.fr/products/vahiné-sucre-vanillé-10x7-5g/MPX_11916,monoprix_scrape,2026-01-28T10:49:22
Crêpes Paysan Breton Fourréesfondant Et Morceaux De Chocolatx6 - Pav,alimentaire_sucre,Monoprix Courses (online),https://courses.monoprix.fr,"2,95 €",2.95,https://courses.monoprix.fr/products/crêpes-paysan-breton-fourréesfondant-et-morceaux-de-chocolatx6-pav/MPX_2601345,monoprix_scrape,2026-01-28T10:49:22
Milka Choco Suprême Biscuits Gaufrettes enrobés de Chocolat au Lait 180g,alimentaire_sucre,Monoprix Courses (online),https://courses.monoprix.fr,"3,39 €",3.39,https://courses.monoprix.fr/products/milka-choco-suprême-biscuits-gaufrettes-enrobés-de-chocolat-au-lait-180g/MPX_2201316,monoprix_scrape,2026-01-28T10:49:22
Carte Noire 30 capsules alu lungo classique n°6 - 168g,alimentaire_sucre,Monoprix Courses (online),https://courses.monoprix.fr,"10,65 €",10.65,https://courses.monoprix.fr/products/carte-noire-30-capsules-alu-lungo-classique-n-6-168g/MPX_6573466,monoprix_scrape,2026-01-28T10:49:22
Nestlé Lion Céréales 400g,alimentaire_sucre,Monoprix Courses (online),https://courses.monoprix.fr,"2,99 €",2.99,https://courses.monoprix.fr/products/nestlé-lion-céréales-400g/MPX_1292229,monoprix_scrape,2026-01-28T10:49:22
Léonce Blanc Confiture de Fraise 70% 320g,alimentaire_sucre,Monoprix Courses (online),https://courses.monoprix.fr,"4,09 €",4.09,https://courses.monoprix.fr/products/léonce-blanc-confiture-de-fraise-70-320g/MPX_4706820,monoprix_scrape,2026-01-28T10:49:22
Haribo Bonbons Happy'box Sans Colorant Artificiel 600g,alimentaire_sucre,Monoprix Courses (online),https://courses.monoprix.fr,"6,29 €",6.29,https://courses.monoprix.fr/products/haribo-bonbons-happy-box-sans-colorant-artificiel-600g/MPX_2077390,monoprix_scrape,2026-01-28T10:49:22
Nature Valley Barre De Céréales Protein Caramel Salé & Cacahuètes 4x40g,alimentaire_sucre,Monoprix Courses (online),https://courses.monoprix.fr,"4,15 €",4.15,https://courses.monoprix.fr/products/nature-valley-barre-de-céréales-protein-caramel-salé-cacahuètes-4x40g/MPX_4798320,monoprix_scrape,2026-01-28T10:49:22
Seeberger Amandes 500g,alimentaire_sucre,Monoprix Courses (online),https://courses.monoprix.fr,"13,55 €",13.55,https://courses.monoprix.fr/products/seeberger-amandes-500g/MPX_2638524,monoprix_scrape,2026-01-28T10:49:22
Mandy' Beurre de Cacahuète sans morceaux Bio 340g,alimentaire_sucre,Monoprix Courses (online),https://courses.monoprix.fr,"5,95 €",5.95,https://courses.monoprix.fr/products/mandy-beurre-de-cacahuète-sans-morceaux-bio-340g/MPX_3429940,monoprix_scrape,2026-01-28T10:49:22
Bonne Maman Pâte à Tartiner Noisettes et Cacao 360g,alimentaire_sucre,Monoprix Courses (online),https://courses.monoprix.fr,"5,85 €",5.85,https://courses.monoprix.fr/products/bonne-maman-pâte-à-tartiner-noisettes-et-cacao-360g/MPX_4213377,monoprix_scrape,2026-01-28T10:49:22
Les Compagnons Du Miel Miel Des Charentes 375g,alimentaire_sucre,Monoprix Courses (online),https://courses.monoprix.fr,"8,25 €",8.25,https://courses.monoprix.fr/products/les-compagnons-du-miel-miel-des-charentes-375g/MPX_2611578,monoprix_scrape,2026-01-28T10:49:22
Nestlé Chocapic Céréales 375g,alimentaire_sucre,Monoprix Courses (online),https://courses.monoprix.fr,"3,59 €",3.59,https://courses.monoprix.fr/products/nestlé-chocapic-céréales-375g/MPX_6719081,monoprix_scrape,2026-01-28T10:49:22
Lipton Infusion grand sud Réglisse menthe en sachets pyramide x20,alimentaire_sucre,Monoprix Courses (online),https://courses.monoprix.fr,"2,15 €",2.15,https://courses.monoprix.fr/products/lipton-infusion-grand-sud-réglisse-menthe-en-sachets-pyramide-x20/MPX_6743374,monoprix_scrape,2026-01-28T10:49:22
Carte Noire Café Grains 1kg,alimentaire_sucre,Monoprix Courses (online),https://courses.monoprix.fr,"24,90 €",24.9,https://courses.monoprix.fr/products/carte-noire-café-grains-1kg/MPX_6133600,monoprix_scrape,2026-01-28T10:49:22
Léonce Blanc Confiture aux Abricots 70% 320g,alimentaire_sucre,Monoprix Courses (online),https://courses.monoprix.fr,"4,25 €",4.25,https://courses.monoprix.fr/products/léonce-blanc-confiture-aux-abricots-70-320g/MPX_4706818,monoprix_scrape,2026-01-28T10:49:22
Alsa Levure De Boulanger Briochin 5 Sachets 28g,alimentaire_sucre,Monoprix Courses (online),https://courses.monoprix.fr,"1,25 €",1.25,https://courses.monoprix.fr/products/alsa-levure-de-boulanger-briochin-5-sachets-28g/MPX_104,monoprix_scrape,2026-01-28T10:49:22
Harrys Brioche Mini Tressée au sucre perlé x6 - 210g,alimentaire_sucre,Monoprix Courses (online),https://courses.monoprix.fr,"2,29 €",2.29,https://courses.monoprix.fr/products/harrys-brioche-mini-tressée-au-sucre-perlé-x6-210g/MPX_3046970,monoprix_scrape,2026-01-28T10:49:22
Alsa Sucre Vanillé 6 Sachets 45g,alimentaire_sucre,Monoprix Courses (online),https://courses.monoprix.fr,"2,39 €",2.39,https://courses.monoprix.fr/products/alsa-sucre-vanillé-6-sachets-45g/MPX_1858938,monoprix_scrape,2026-01-28T10:49:22
Funkie Les Fourrées Beurre De Cacahuète Et Cacao Bio 250g,alimentaire_sucre,Monoprix Courses (online),https://courses.monoprix.fr,"4,99 €",4.99,https://courses.monoprix.fr/products/funkie-les-fourrées-beurre-de-cacahuète-et-cacao-bio-250g/MPX_4076516,monoprix_scrape,2026-01-28T10:49:22
Nature Valley Barre De Céréales Crunchy Avoine & Miel 5X42G,alimentaire_sucre,Monoprix Courses (online),https://courses.monoprix.fr,"4,15 €",4.15,https://courses.monoprix.fr/products/nature-valley-barre-de-céréales-crunchy-avoine-miel-5x42g/MPX_3243531,monoprix_scrape,2026-01-28T10:49:22
Carte Noire 30 capsules alu espresso intense n°9 - 165g,alimentaire_sucre,Monoprix Courses (online),https://courses.monoprix.fr,"10,65 €",10.65,https://courses.monoprix.fr/products/carte-noire-30-capsules-alu-espresso-intense-n-9-165g/MPX_6573464,monoprix_scrape,2026-01-28T10:49:22
Funkie Céréales fourrées cacao noisette Bio 250g,alimentaire_sucre,Monoprix Courses (online),https://courses.monoprix.fr,"4,99 €",4.99,https://courses.monoprix.fr/products/funkie-céréales-fourrées-cacao-noisette-bio-250g/MPX_6716086,monoprix_scrape,2026-01-28T10:49:22
Andros Pâtes à Tartiner Cacahuètes Crémeuse 325g,alimentaire_sucre,Monoprix Courses (online),https://courses.monoprix.fr,"3,89 €",3.89,https://courses.monoprix.fr/products/andros-pâtes-à-tartiner-cacahuètes-crémeuse-325g/MPX_6665604,monoprix_scrape,2026-01-28T10:49:22
Daddy Sucre En Poudre La Poche Kraft 750g,alimentaire_sucre,Monoprix Courses (online),https://courses.monoprix.fr,"2,09 €",2.09,https://courses.monoprix.fr/products/daddy-sucre-en-poudre-la-poche-kraft-750g/MPX_3835107,monoprix_scrape,2026-01-28T10:49:22
Léonce Blanc Confiture Myrtille 70% 320g,alimentaire_sucre,Monoprix Courses (online),https://courses.monoprix.fr,"5,15 €",5.15,https://courses.monoprix.fr/products/léonce-blanc-confiture-myrtille-70-320g/MPX_4219626,monoprix_scrape,2026-01-28T10:49:22
Carte Noire 30 capsules alu espresso classique n°7 - 165g,alimentaire_sucre,Monoprix Courses (online),https://courses.monoprix.fr,"10,65 €",10.65,https://courses.monoprix.fr/products/carte-noire-30-capsules-alu-espresso-classique-n-7-165g/MPX_6573462,monoprix_scrape,2026-01-28T10:49:22
Vahiné Vanille Bourbon liquide arôme naturel 50ml,alimentaire_sucre,Monoprix Courses (online),https://courses.monoprix.fr,"5,89 €",5.89,https://courses.monoprix.fr/products/vahiné-vanille-bourbon-liquide-arôme-naturel-50ml/MPX_797870,monoprix_scrape,2026-01-28T10:49:22
Nature Valley Barre de céréales protein chocolat & cranberries 4x40g,alimentaire_sucre,Monoprix Courses (online),https://courses.monoprix.fr,"4,15 €",4.15,https://courses.monoprix.fr/products/nature-valley-barre-de-céréales-protein-chocolat-cranberries-4x40g/MPX_6614338,monoprix_scrape,2026-01-28T10:49:22
Andros Be Nuts PAT 100% Cacahuète 320g,alimentaire_sucre,Monoprix Courses (online),https://courses.monoprix.fr,"3,95 €",3.95,https://courses.monoprix.fr/products/andros-be-nuts-pat-100-cacahuète-320g/MPX_6851825,monoprix_scrape,2026-01-28T10:49:22
Nestlé Dessert Chocolat Noir 3x205g,alimentaire_sucre,Monoprix Courses (online),https://courses.monoprix.fr,"9,89 €",9.89,https://courses.monoprix.fr/products/nestlé-dessert-chocolat-noir-3x205g/MPX_2397194,monoprix_scrape,2026-01-28T10:49:22
"Alsa Sucre Vanillé Des Isles 7 Sachets, 53g",alimentaire_sucre,Monoprix Courses (online),https://courses.monoprix.fr,"3,85 €",3.85,https://courses.monoprix.fr/products/alsa-sucre-vanillé-des-isles-7-sachets-53g/MPX_2321566,monoprix_scrape,2026-01-28T10:49:22
Nature Valley Barre de Céréales Crunchy Avoine & Chocolat - 5x42g,alimentaire_sucre,Monoprix Courses (online),https://courses.monoprix.fr,"4,15 €",4.15,https://courses.monoprix.fr/products/nature-valley-barre-de-céréales-crunchy-avoine-chocolat-5x42g/MPX_3243530,monoprix_scrape,2026-01-28T10:49:22
Daddy Cassonade Pure Canne La Poche Kraft 750g,alimentaire_sucre,Monoprix Courses (online),https://courses.monoprix.fr,"2,59 €",2.59,https://courses.monoprix.fr/products/daddy-cassonade-pure-canne-la-poche-kraft-750g/MPX_3835108,monoprix_scrape,2026-01-28T10:49:22
Seeberger Assortiment de Noix 400g,alimentaire_sucre,Monoprix Courses (online),https://courses.monoprix.fr,"12,99 €",12.99,https://courses.monoprix.fr/products/seeberger-assortiment-de-noix-400g/MPX_2638526,monoprix_scrape,2026-01-28T10:49:22
Mandy' Beurre de Cacahuètes Bio avec morceaux 340g,alimentaire_sucre,Monoprix Courses (online),https://courses.monoprix.fr,"5,99 €",5.99,https://courses.monoprix.fr/products/mandy-beurre-de-cacahuètes-bio-avec-morceaux-340g/MPX_5642282,monoprix_scrape,2026-01-28T10:49:22
Vahiné Arôme vanille 200ml,alimentaire_sucre,Monoprix Courses (online),https://courses.monoprix.fr,"3,95 €",3.95,https://courses.monoprix.fr/products/vahiné-arôme-vanille-200ml/MPX_11931,monoprix_scrape,2026-01-28T10:49:22
Béghin Say Sucre extra fin la boîte de 1kg,alimentaire_sucre,Monoprix Courses (online),https://courses.monoprix.fr,"3,19 €",3.19,https://courses.monoprix.fr/products/béghin-say-sucre-extra-fin-la-boîte-de-1kg/MPX_160616,monoprix_scrape,2026-01-28T10:49:22
